Country,Stock Index,Time,Log Monthly Return,Volume
AT,^ATX,2015-01,,160073300
AT,^ATX,2015-02,0.12996456457822017,179583900
AT,^ATX,2015-03,0.005838186318330477,180617400
AT,^ATX,2015-04,0.030028847962352244,156589800
AT,^ATX,2015-05,-0.006816616623329854,215219100
AT,^ATX,2015-06,-0.06306237013461852,170879400
AT,^ATX,2015-07,0.03570976226911815,132390800
AT,^ATX,2015-08,-0.0723032921861797,151547200
AT,^ATX,2015-09,-0.04199454056435574,175563400
AT,^ATX,2015-10,0.08226733856494,146828700
AT,^ATX,2015-11,0.0276881931140988,152036900
AT,^ATX,2015-12,-0.03753548765894304,159932900
AT,^ATX,2016-01,-0.10296497061318118,185101400
AT,^ATX,2016-02,-0.0037434758484288294,183063800
AT,^ATX,2016-03,0.05246271380558697,198941900
AT,^ATX,2016-04,0.02567210926451835,140887000
AT,^ATX,2016-05,-0.02988723895806917,111769800
AT,^ATX,2016-06,-0.07572037338485946,202486900
AT,^ATX,2016-07,0.06353130787737214,139315000
AT,^ATX,2016-08,0.03559881091181563,121166800
AT,^ATX,2016-09,0.03852455061824979,156287000
AT,^ATX,2016-10,0.028068884857016547,126131500
AT,^ATX,2016-11,0.018361006822079445,141758900
AT,^ATX,2016-12,0.038478650654023144,161839300
AT,^ATX,2017-01,0.02190891599854246,191322600
AT,^ATX,2017-02,0.025843582391254595,128957000
AT,^ATX,2017-03,0.029521698395435128,224157400
AT,^ATX,2017-04,0.06215078273187642,146643900
AT,^ATX,2017-05,0.03696713159443304,173538100
AT,^ATX,2017-06,-0.005418820708976666,156969000
AT,^ATX,2017-07,0.03519010863562496,109461300
AT,^ATX,2017-08,0.004619664337488454,109834900
AT,^ATX,2017-09,0.025392242565987842,111364300
AT,^ATX,2017-10,0.026814850300668366,95632200
AT,^ATX,2017-11,-0.01811629297061917,113462000
AT,^ATX,2017-12,0.022232715818110316,100481100
AT,^ATX,2018-01,0.04965946168172073,108075400
AT,^ATX,2018-02,-0.03344719012784668,123402800
AT,^ATX,2018-03,-0.013762119623120917,148554800
AT,^ATX,2018-04,0.011581959655846403,119229700
AT,^ATX,2018-05,-0.031040728757985067,104308000
AT,^ATX,2018-06,-0.03218568627386363,132520400
AT,^ATX,2018-07,0.04955393885347884,70911400
AT,^ATX,2018-08,-0.03619438188186959,66352600
AT,^ATX,2018-09,0.013332960527705212,69092700
AT,^ATX,2018-10,-0.05626273592004255,94931900
AT,^ATX,2018-11,-0.0276315628168459,88539100
AT,^ATX,2018-12,-0.11322017154482221,89639000
AT,^ATX,2019-01,0.08368527462291511,83711900
AT,^ATX,2019-02,0.01840960262630286,71827600
AT,^ATX,2019-03,-0.002264997892335594,96020600
AT,^ATX,2019-04,0.05786697125924268,66925600
AT,^ATX,2019-05,-0.1039310259136633,88417700
AT,^ATX,2019-06,0.027313427887944813,87395700
AT,^ATX,2019-07,0.002435175646915276,76556500
AT,^ATX,2019-08,-0.025031467935605723,87782300
AT,^ATX,2019-09,0.033594593142235105,84618700
AT,^ATX,2019-10,0.04194949442375275,80997100
AT,^ATX,2019-11,7.324906739026129e-05,76741700
AT,^ATX,2019-12,0.014895695181794493,57133600
AT,^ATX,2020-01,-0.03598068549533442,54060200
AT,^ATX,2020-02,-0.0979748693088044,98470400
AT,^ATX,2020-03,-0.3311587870524353,245053500
AT,^ATX,2020-04,0.10677584881200482,112173200
AT,^ATX,2020-05,0.002309768617407139,110010000
AT,^ATX,2020-06,0.006438895844256283,144365500
AT,^ATX,2020-07,-0.056382122286794824,90060500
AT,^ATX,2020-08,0.04308826588321542,77277900
AT,^ATX,2020-09,-0.050082150525284,95353500
AT,^ATX,2020-10,-0.025838990848363795,101982700
AT,^ATX,2020-11,0.2173182619532318,128751900
AT,^ATX,2020-12,0.08503454150346837,94517500
AT,^ATX,2021-01,0.03786155210547209,90808800
AT,^ATX,2021-02,0.04199084056901244,82248500
AT,^ATX,2021-03,0.04803768616011483,106860900
AT,^ATX,2021-04,0.021128033439534826,79319000
AT,^ATX,2021-05,0.061419720630089256,79289700
AT,^ATX,2021-06,-0.008677621798369037,79510300
AT,^ATX,2021-07,0.02289853926002735,70567900
AT,^ATX,2021-08,0.03912045277188293,56246500
AT,^ATX,2021-09,0.010782365636958117,70327200
AT,^ATX,2021-10,0.01687275759641434,58380300
AT,^ATX,2021-11,-0.01618152955125879,90258400
AT,^ATX,2021-12,0.053079808046199675,64962700
AT,^ATX,2022-01,-0.004680646775589685,72527200
AT,^ATX,2022-02,-0.12573214017838363,110463500
AT,^ATX,2022-03,-0.023263611022480972,172724000
AT,^ATX,2022-04,-0.007579123949304208,86027100
AT,^ATX,2022-05,0.012222413307314217,114680500
AT,^ATX,2022-06,-0.14436491419018935,102528000
AT,^ATX,2022-07,0.05040147903897262,82539700
AT,^ATX,2022-08,-0.043648353485550316,83431900
AT,^ATX,2022-09,-0.07403105517708658,95621600
AT,^ATX,2022-10,0.0870786083656193,67799100
AT,^ATX,2022-11,0.09559889987008927,78676500
AT,^ATX,2022-12,-0.03306437822141381,62418000
AT,^ATX,2023-01,0.0790937791934846,71146900
AT,^ATX,2023-02,0.047160488589939924,75136400
AT,^ATX,2023-03,-0.10003676888031562,104566400
AT,^ATX,2023-04,0.015216520375889534,57530700
AT,^ATX,2023-05,-0.06859723420340656,70907000
AT,^ATX,2023-06,0.03624420656892237,66576400
AT,^ATX,2023-07,0.028457360047942193,53457000
AT,^ATX,2023-08,-0.028701460049974682,49767500
AT,^ATX,2023-09,0.004425629897367651,59902100
AT,^ATX,2023-10,-0.026414776256256992,66531200
AT,^ATX,2023-11,0.06439793242930814,76101600
AT,^ATX,2023-12,0.04288355583536325,65405900
AT,^ATX,2024-01,0.006242541053195263,66920200
AT,^ATX,2024-02,-0.03184877851166322,65704500
AT,^ATX,2024-03,0.05453481889501633,75981800
AT,^ATX,2024-04,0.006941728571327654,72547700
AT,^ATX,2024-05,0.035306164323275546,68759500
AT,^ATX,2024-06,-0.02162371876846879,95418200
AT,^ATX,2024-07,0.02505293274444113,69618200
AT,^ATX,2024-08,0.007794361865884895,96894000
AT,^ATX,2024-09,-0.020287492908043367,127956800
AT,^ATX,2024-10,-0.0357695182683669,58099000
AT,^ATX,2024-11,0.003572102426981125,68289900
AT,^ATX,2024-12,0.0343618915553968,60087100
AT,^ATX,2025-01,0.0535160084134106,57974800
AT,^ATX,2025-02,0.07083471806432412,73953600
AT,^ATX,2025-03,-0.017431483242494925,83788600
AT,^ATX,2025-04,0.005609337814929902,73984700
AT,^ATX,2025-05,0.07686092775009089,60087100
AT,^ATX,2025-06,0.0007903282235925341,59225100
AT,^ATX,2025-07,0.02035444544546397,48379900
AT,^ATX,2025-08,0.0203536515549336,54957300
AT,^ATX,2025-09,0.00468088146583257,53624300
AT,^ATX,2025-10,0.036460475094489894,56985500
BE,^BFX,2015-01,,0
BE,^BFX,2015-02,0.05084220840683243,0
BE,^BFX,2015-03,0.0030590693907738206,0
BE,^BFX,2015-04,-0.013957020270475587,0
BE,^BFX,2015-05,0.009340641782670881,3517400
BE,^BFX,2015-06,-0.036789358811852794,0
BE,^BFX,2015-07,0.051239567253927996,0
BE,^BFX,2015-08,-0.0829508594410386,0
BE,^BFX,2015-09,-0.034852745118103975,18509200
BE,^BFX,2015-10,0.07367218033552689,0
BE,^BFX,2015-11,0.043666217045194404,0
BE,^BFX,2015-12,-0.016241692316959627,0
BE,^BFX,2016-01,-0.05959586435602404,0
BE,^BFX,2016-02,-0.033365368078445194,23017000
BE,^BFX,2016-03,0.0003617482637146155,0
BE,^BFX,2016-04,0.010713131396621434,21821000
BE,^BFX,2016-05,0.030244522986179013,0
BE,^BFX,2016-06,-0.049117099225705514,0
BE,^BFX,2016-07,0.03501149926954731,0
BE,^BFX,2016-08,0.02523000104897319,0
BE,^BFX,2016-09,0.0007173162953887142,0
BE,^BFX,2016-10,-0.004328874966018603,31659500
BE,^BFX,2016-11,-0.01764641884827717,0
BE,^BFX,2016-12,0.03606047876947643,0
BE,^BFX,2017-01,-0.017931213106617813,0
BE,^BFX,2017-02,0.011747963991168783,17527100
BE,^BFX,2017-03,0.06295428450323683,39585600
BE,^BFX,2017-04,0.01521241662226634,83741600
BE,^BFX,2017-05,0.0032947701132352036,10822900
BE,^BFX,2017-06,-0.024656466075905464,0
BE,^BFX,2017-07,0.03848414480598794,0
BE,^BFX,2017-08,-0.014025732329785816,0
BE,^BFX,2017-09,0.03294289272793917,237442100
BE,^BFX,2017-10,0.01938158381689913,482328000
BE,^BFX,2017-11,-0.02779216394349774,563562000
BE,^BFX,2017-12,-0.001562479715970609,485750600
BE,^BFX,2018-01,0.033075399443128706,591586500
BE,^BFX,2018-02,-0.028918498621140883,639382400
BE,^BFX,2018-03,-0.03499025433171733,676881500
BE,^BFX,2018-04,0.013698478788979538,487149900
BE,^BFX,2018-05,-0.03807344919253576,663057200
BE,^BFX,2018-06,-0.011854598644992328,650805300
BE,^BFX,2018-07,0.04704431696091259,545568200
BE,^BFX,2018-08,-0.041454956468262735,564473300
BE,^BFX,2018-09,-0.00912264104211994,687899400
BE,^BFX,2018-10,-0.07262816682325827,801008200
BE,^BFX,2018-11,0.011775193238929844,668536900
BE,^BFX,2018-12,-0.07260677101279629,638546100
BE,^BFX,2019-01,0.07367280855854579,630725300
BE,^BFX,2019-02,0.03181166535057128,574291200
BE,^BFX,2019-03,0.01493584065251891,642959200
BE,^BFX,2019-04,0.02295304137525973,426721800
BE,^BFX,2019-05,-0.0883286471960779,446066100
BE,^BFX,2019-06,0.03449409779051366,457809600
BE,^BFX,2019-07,0.042487369570699554,433471800
BE,^BFX,2019-08,-0.03592673578050455,605767000
BE,^BFX,2019-09,0.03943004390476713,505106100
BE,^BFX,2019-10,0.013060424632581847,512607200
BE,^BFX,2019-11,0.037404945187665704,421742800
BE,^BFX,2019-12,0.012502568940605934,344838100
BE,^BFX,2020-01,-0.012264498487373753,418245300
BE,^BFX,2020-02,-0.11342542380451431,624465600
BE,^BFX,2020-03,-0.18424509445590226,1188457900
BE,^BFX,2020-04,0.065862794898564,874065300
BE,^BFX,2020-05,0.03295400685763852,849320200
BE,^BFX,2020-06,0.03830228580135357,560440800
BE,^BFX,2020-07,-0.01655445963139857,578182400
BE,^BFX,2020-08,0.01791171300683528,281589500
BE,^BFX,2020-09,-0.029566871113148176,358312200
BE,^BFX,2020-10,-0.06120270943927852,541049100
BE,^BFX,2020-11,0.1864552930479087,340923200
BE,^BFX,2020-12,-0.012589933977955006,7887400
BE,^BFX,2021-01,0.0006404711735815179,70948700
BE,^BFX,2021-02,0.03748003635582712,40650900
BE,^BFX,2021-03,0.03589513578502169,226351600
BE,^BFX,2021-04,0.029019792256554645,11667000
BE,^BFX,2021-05,0.011408667929213818,5044400
BE,^BFX,2021-06,0.016024677549181115,123000
BE,^BFX,2021-07,0.017900131299048133,54728000
BE,^BFX,2021-08,0.025490799599928136,5822900
BE,^BFX,2021-09,-0.0354390299185206,17188600
BE,^BFX,2021-10,0.028349557145268243,23269400
BE,^BFX,2021-11,-0.039347888372364505,71931800
BE,^BFX,2021-12,0.04672277024478514,10321500
BE,^BFX,2022-01,-0.056855611894238926,13007600
BE,^BFX,2022-02,-0.014323833954235088,156400
BE,^BFX,2022-03,0.035428472581760406,236546700
BE,^BFX,2022-04,-0.012682255264239444,29312900
BE,^BFX,2022-05,-0.05301778592283136,37154600
BE,^BFX,2022-06,-0.05604655658072793,5424200
BE,^BFX,2022-07,0.03069405237726528,35587700
BE,^BFX,2022-08,-0.05717638424048294,11495200
BE,^BFX,2022-09,-0.06201773536693671,12741000
BE,^BFX,2022-10,0.056870384058192155,33107800
BE,^BFX,2022-11,0.032419663487399164,72532700
BE,^BFX,2022-12,0.004383871854467523,26740900
BE,^BFX,2023-01,0.04215552256708436,4716000
BE,^BFX,2023-02,0.010738561957508753,8179400
BE,^BFX,2023-03,-0.02833571101664845,116745100
BE,^BFX,2023-04,0.002269946251184912,15441600
BE,^BFX,2023-05,-0.072257737375617,6016400
BE,^BFX,2023-06,0.001805062546749768,22215500
BE,^BFX,2023-07,0.06380220058751332,9997800
BE,^BFX,2023-08,-0.02973385220377061,34480400
BE,^BFX,2023-09,-0.03129782377998149,22929200
BE,^BFX,2023-10,-0.05681890835891402,11485200
BE,^BFX,2023-11,0.05004399159189384,23147000
BE,^BFX,2023-12,0.04941040546058175,2895200
BE,^BFX,2024-01,-0.012159069938035104,11851800
BE,^BFX,2024-02,-0.0004205240880007011,109660800
BE,^BFX,2024-03,0.04908637924370294,109985800
BE,^BFX,2024-04,0.009737601342275484,86181100
BE,^BFX,2024-05,0.008929303034129829,108514300
BE,^BFX,2024-06,-0.00790492086649955,106051000
BE,^BFX,2024-07,0.060626487511873405,78310400
BE,^BFX,2024-08,0.013037421909870337,108542700
BE,^BFX,2024-09,0.027184268330536346,103268100
BE,^BFX,2024-10,-0.020123435304957443,89874100
BE,^BFX,2024-11,0.0031417366462599895,104260500
BE,^BFX,2024-12,0.008766054374284824,93231100
BE,^BFX,2025-01,0.014322915141921065,124599600
BE,^BFX,2025-02,0.021600180691456326,135649700
BE,^BFX,2025-03,-0.019436547696439037,142333000
BE,^BFX,2025-04,0.02147044221401952,137207600
BE,^BFX,2025-05,0.016250614013423908,127386000
BE,^BFX,2025-06,-0.005805266481329,107311600
BE,^BFX,2025-07,0.03514357172419006,97887200
BE,^BFX,2025-08,0.034435913439087855,86211000
BE,^BFX,2025-09,0.004578393625503129,103896500
BE,^BFX,2025-10,0.016826643690660097,105544500
CZ,^PX,2015-01,,18049300
CZ,^PX,2015-02,0.06772256511174031,38854500
CZ,^PX,2015-03,0.01061085713628715,93055800
CZ,^PX,2015-04,-0.0074284321558237675,127274800
CZ,^PX,2015-05,-0.004101940679450319,83720800
CZ,^PX,2015-06,-0.04027942317216332,164467600
CZ,^PX,2015-07,0.04968880188851474,200062000
CZ,^PX,2015-08,-0.00721953961308684,98767600
CZ,^PX,2015-09,-0.053091255754104054,53553800
CZ,^PX,2015-10,0.01232212160591522,47759400
CZ,^PX,2015-11,-0.008929624054481508,135339200
CZ,^PX,2015-12,-0.018718862368727277,54617300
CZ,^PX,2016-01,-0.03756701398030042,69314600
CZ,^PX,2016-02,-0.07138661204630614,52735900
CZ,^PX,2016-03,0.04814529486580179,130151200
CZ,^PX,2016-04,0.01776527937482459,115802600
CZ,^PX,2016-05,-0.02462271417314447,86725600
CZ,^PX,2016-06,-0.08990839688440128,35530400
CZ,^PX,2016-07,0.07636832009451355,34961200
CZ,^PX,2016-08,-0.025965310929288606,38292700
CZ,^PX,2016-09,0.005154653328079052,52349500
CZ,^PX,2016-10,0.06522005586139357,72063400
CZ,^PX,2016-11,-0.0449993374055465,138667000
CZ,^PX,2016-12,0.044814846934790493,56493500
CZ,^PX,2017-01,0.011704154036952956,43182000
CZ,^PX,2017-02,0.022753513854565463,78050400
CZ,^PX,2017-03,0.02814558538411847,55023500
CZ,^PX,2017-04,0.026869089257100298,61672900
CZ,^PX,2017-05,-0.005462011076433184,43910400
CZ,^PX,2017-06,-0.022161632010847924,47631900
CZ,^PX,2017-07,0.028783816874875013,32057200
CZ,^PX,2017-08,0.013026301841737848,45700900
CZ,^PX,2017-09,0.022153929795103108,40541800
CZ,^PX,2017-10,0.019367797739972596,61967400
CZ,^PX,2017-11,-0.005967381329195859,39804900
CZ,^PX,2017-12,0.017675906112020447,30030400
CZ,^PX,2018-01,0.04776673241339665,41566900
CZ,^PX,2018-02,-0.009274434602276716,46282300
CZ,^PX,2018-03,0.0030476809556847628,44934400
CZ,^PX,2018-04,-0.007107708838793245,41524400
CZ,^PX,2018-05,-0.03634481457197839,41387400
CZ,^PX,2018-06,-0.011120074239008257,32967100
CZ,^PX,2018-07,0.02609885558506392,29580100
CZ,^PX,2018-08,-0.017975526911050144,34495400
CZ,^PX,2018-09,0.026707526723250486,34142100
CZ,^PX,2018-10,-0.0325687717021759,54160900
CZ,^PX,2018-11,0.0019108114926387598,64876600
CZ,^PX,2018-12,-0.07992732924440443,37900300
CZ,^PX,2019-01,0.056159545605042056,47377700
CZ,^PX,2019-02,0.026599151896123756,34951500
CZ,^PX,2019-03,0.0025255115551402266,36436400
CZ,^PX,2019-04,-0.005291429010919968,36913500
CZ,^PX,2019-05,-0.02331598338131398,42020800
CZ,^PX,2019-06,-0.0022628859819052304,29278700
CZ,^PX,2019-07,0.014258551622777544,28383800
CZ,^PX,2019-08,-0.01854904491686276,34364000
CZ,^PX,2019-09,0.004309710691361148,39274400
CZ,^PX,2019-10,0.008716396555319205,46908700
CZ,^PX,2019-11,0.028036856689859137,38958800
CZ,^PX,2019-12,0.0317640275796677,29133600
CZ,^PX,2020-01,-0.03946423348131783,0
CZ,^PX,2020-02,-0.09311109737275504,0
CZ,^PX,2020-03,-0.2127181789025127,0
CZ,^PX,2020-04,0.1002492067522989,0
CZ,^PX,2020-05,0.02527432882988132,0
CZ,^PX,2020-06,0.024792813667487364,0
CZ,^PX,2020-07,-0.03924600516531921,0
CZ,^PX,2020-08,0.02331364563845797,0
CZ,^PX,2020-09,-0.03969318467195541,0
CZ,^PX,2020-10,-0.029699812367235685,0
CZ,^PX,2020-11,0.13674718552420176,0
CZ,^PX,2020-12,0.06091431469748564,0
CZ,^PX,2021-01,-0.009567232962114104,0
CZ,^PX,2021-02,0.03879114469900912,0
CZ,^PX,2021-03,0.030634139628663154,0
CZ,^PX,2021-04,0.008901120049517002,0
CZ,^PX,2021-05,0.055216027021146315,0
CZ,^PX,2021-06,-0.00851633748686212,0
CZ,^PX,2021-07,0.0479285542014817,0
CZ,^PX,2021-08,0.05993136944148392,0
CZ,^PX,2021-09,0.03122485309826027,0
CZ,^PX,2021-10,0.003789403487246559,0
DK,^OMXC25,2016-12,,0
DK,^OMXC25,2017-01,0.03261584780136678,0
DK,^OMXC25,2017-02,0.01020905443114312,0
DK,^OMXC25,2017-03,0.013805586794810434,152389800
DK,^OMXC25,2017-04,0.04667643935969826,284493200
DK,^OMXC25,2017-05,0.02071718537366929,388821000
DK,^OMXC25,2017-06,-0.005913022529188725,347158600
DK,^OMXC25,2017-07,0.021991494572515313,290802900
DK,^OMXC25,2017-08,0.005171973831872079,367851500
DK,^OMXC25,2017-09,-0.0006216012231354494,325014800
DK,^OMXC25,2017-10,0.018248307978410334,358788000
DK,^OMXC25,2017-11,-0.05680179837420637,401461700
DK,^OMXC25,2017-12,0.01410874083410634,289641500
DK,^OMXC25,2018-01,-0.007992466373044885,367247900
DK,^OMXC25,2018-02,0.00995450802330504,574746200
DK,^OMXC25,2018-03,-0.029232578528861613,359608400
DK,^OMXC25,2018-04,-0.0016158495915834512,309674500
DK,^OMXC25,2018-05,0.0005119408475303179,342144100
DK,^OMXC25,2018-06,-0.014791073028218846,295805100
DK,^OMXC25,2018-07,0.05305847537201468,252602700
DK,^OMXC25,2018-08,0.012462753661977594,319792200
DK,^OMXC25,2018-09,-0.0449368483714509,323541000
DK,^OMXC25,2018-10,-0.08887502088415063,360964900
DK,^OMXC25,2018-11,0.01523255997989226,348639800
DK,^OMXC25,2018-12,-0.044832810952575894,240644700
DK,^OMXC25,2019-01,0.040093240712865505,280498900
DK,^OMXC25,2019-02,0.06081891794079053,270805400
DK,^OMXC25,2019-03,0.020068708942872104,243350700
DK,^OMXC25,2019-04,0.02360438650029176,237933800
DK,^OMXC25,2019-05,-0.04680372975036248,302436300
DK,^OMXC25,2019-06,0.023110303523889108,294423400
DK,^OMXC25,2019-07,0.0014240108278770875,242623800
DK,^OMXC25,2019-08,0.008254873187635665,314681300
DK,^OMXC25,2019-09,0.0069968581415192745,288184300
DK,^OMXC25,2019-10,0.006774191197519624,283472800
DK,^OMXC25,2019-11,0.05860158546766611,310748700
DK,^OMXC25,2019-12,0.02840833123540579,208957100
DK,^OMXC25,2020-01,0.01888117371389878,273476500
DK,^OMXC25,2020-02,-0.04735521061718321,324506600
DK,^OMXC25,2020-03,-0.0786691958914105,628704900
DK,^OMXC25,2020-04,0.0919230683707071,386223000
DK,^OMXC25,2020-05,0.07188974921495295,393899500
DK,^OMXC25,2020-06,0.015612119178431099,362795400
DK,^OMXC25,2020-07,0.05466953354264671,276370300
DK,^OMXC25,2020-08,0.03844696356556037,264794200
DK,^OMXC25,2020-09,0.019366043411549266,275522900
DK,^OMXC25,2020-10,-0.015534124452158496,280088300
DK,^OMXC25,2020-11,0.072500286072143,369856000
DK,^OMXC25,2020-12,0.04882058992901382,262766900
DK,^OMXC25,2021-01,-0.0390177324478954,302493700
DK,^OMXC25,2021-02,-0.003510022286002031,240089200
DK,^OMXC25,2021-03,0.05032825264329772,338985000
DK,^OMXC25,2021-04,0.04431071599128635,259966500
DK,^OMXC25,2021-05,0.014997184066573844,324845700
DK,^OMXC25,2021-06,0.03687880422334764,291591100
DK,^OMXC25,2021-07,0.03444068289443059,278614600
DK,^OMXC25,2021-08,0.0254523102055264,287497800
DK,^OMXC25,2021-09,-0.04908839790191448,270410900
DK,^OMXC25,2021-10,0.04710183476969539,269992600
DK,^OMXC25,2021-11,-0.046076075179972135,338735600
DK,^OMXC25,2021-12,0.04319572514570991,269750300
DK,^OMXC25,2022-01,-0.10132986215349528,318838200
DK,^OMXC25,2022-02,-0.006450060626923566,325575300
DK,^OMXC25,2022-03,0.011996993435307813,399342600
DK,^OMXC25,2022-04,-0.012093350625190387,277208700
DK,^OMXC25,2022-05,-0.04785023077644906,364547200
DK,^OMXC25,2022-06,-0.06605072667781646,282027600
DK,^OMXC25,2022-07,0.11727835728624005,281146900
DK,^OMXC25,2022-08,-0.06894403675362894,320549400
DK,^OMXC25,2022-09,-0.1383691293236287,305909000
DK,^OMXC25,2022-10,0.09003480879101752,308014900
DK,^OMXC25,2022-11,0.0686748341212719,336880300
DK,^OMXC25,2022-12,0.00823705449449694,242089700
DK,^OMXC25,2023-01,-0.001259210037509745,305980000
DK,^OMXC25,2023-02,0.04710028269462804,280204700
DK,^OMXC25,2023-03,0.005489529946087043,345056100
DK,^OMXC25,2023-04,0.015679770701126073,205885600
DK,^OMXC25,2023-05,-0.00872130400490816,225613300
DK,^OMXC25,2023-06,0.007796968451721993,245722800
DK,^OMXC25,2023-07,-0.0038770909278851387,199551800
DK,^OMXC25,2023-08,-0.04133527751059623,277713300
DK,^OMXC25,2023-09,-0.020856082774964157,270933700
DK,^OMXC25,2023-10,-0.0485243651664443,319685100
DK,^OMXC25,2023-11,0.06477416048678616,331089200
DK,^OMXC25,2023-12,0.05227057277119151,231623300
DK,^OMXC25,2024-01,0.019213572057162304,273237100
DK,^OMXC25,2024-02,0.021590904026244688,286808500
DK,^OMXC25,2024-03,0.024102900062612634,250425900
DK,^OMXC25,2024-04,-0.01988424869683634,247988600
DK,^OMXC25,2024-05,0.03968858924046167,298273200
DK,^OMXC25,2024-06,-0.014574430864316625,246295600
DK,^OMXC25,2024-07,0.028835138224303516,247570400
DK,^OMXC25,2024-08,-0.010685179110984117,295326200
DK,^OMXC25,2024-09,-0.020020141423680183,258156400
DK,^OMXC25,2024-10,-0.03878080413028427,281439300
DK,^OMXC25,2024-11,-0.012661779787418686,349312700
DK,^OMXC25,2024-12,-0.041421733276827286,294278000
DK,^OMXC25,2025-01,-0.002123808915607458,339067900
DK,^OMXC25,2025-02,0.04316214115823779,350331700
DK,^OMXC25,2025-03,-0.10476115370031602,351190600
DK,^OMXC25,2025-04,-0.006879240564852477,388956900
DK,^OMXC25,2025-05,0.06171609553997347,389771300
DK,^OMXC25,2025-06,-0.03165584552081357,300817100
DK,^OMXC25,2025-07,-0.02454347236695726,359890300
DK,^OMXC25,2025-08,0.0008705462965460161,419410200
DK,^OMXC25,2025-09,-0.02325767397561984,346402300
DK,^OMXC25,2025-10,0.03422686064166631,350518100
FI,^OMXH25,2015-01,,0
FI,^OMXH25,2015-02,0.05531882609503848,0
FI,^OMXH25,2015-03,0.01763733395512517,0
FI,^OMXH25,2015-04,-0.04757477302938553,0
FI,^OMXH25,2015-05,0.009107749738316682,0
FI,^OMXH25,2015-06,-0.03639544554077048,0
FI,^OMXH25,2015-07,0.04280132366874274,0
FI,^OMXH25,2015-08,-0.09067390604199176,0
FI,^OMXH25,2015-09,-0.044659103470411805,39933000
FI,^OMXH25,2015-10,0.10320128776603836,0
FI,^OMXH25,2015-11,0.053141179204063686,0
FI,^OMXH25,2015-12,-0.032086885543988586,0
FI,^OMXH25,2016-01,-0.041962056247299755,0
FI,^OMXH25,2016-02,-0.02828541550611436,0
FI,^OMXH25,2016-03,0.015180394203318938,0
FI,^OMXH25,2016-04,-0.011085281539580473,30629800
FI,^OMXH25,2016-05,0.03252467688791203,0
FI,^OMXH25,2016-06,-0.01554057977771548,0
FI,^OMXH25,2016-07,0.05653826429032359,0
FI,^OMXH25,2016-08,-0.004356093784429778,0
FI,^OMXH25,2016-09,0.03501683766844675,0
FI,^OMXH25,2016-10,-0.010465530567585153,0
FI,^OMXH25,2016-11,0.010895286890337232,0
FI,^OMXH25,2016-12,0.05271761153122049,0
FI,^OMXH25,2017-01,-0.015618286291715041,0
FI,^OMXH25,2017-02,0.026076747688247994,0
FI,^OMXH25,2017-03,0.018746078366331638,0
FI,^OMXH25,2017-04,0.03650801482743386,35473400
FI,^OMXH25,2017-05,0.016886995505990234,36258500
FI,^OMXH25,2017-06,-0.014160461813004656,0
FI,^OMXH25,2017-07,-0.017357122634594126,0
FI,^OMXH25,2017-08,0.002800167725782884,0
FI,^OMXH25,2017-09,0.023517483613129157,0
FI,^OMXH25,2017-10,0.012682581238857914,0
FI,^OMXH25,2017-11,-0.028354674485772672,25654900
FI,^OMXH25,2017-12,0.0009116190028008655,0
FI,^OMXH25,2018-01,0.03116844036953318,0
FI,^OMXH25,2018-02,0.021062997778343327,26780900
FI,^OMXH25,2018-03,-0.027917220891971795,36199900
FI,^OMXH25,2018-04,0.03642738129003721,0
FI,^OMXH25,2018-05,0.01739154454669703,169854200
FI,^OMXH25,2018-06,-0.013170710517122746,0
FI,^OMXH25,2018-07,0.01379360850148373,0
FI,^OMXH25,2018-08,0.02670560353331843,0
FI,^OMXH25,2018-09,-0.0036449621290423886,19589400
FI,^OMXH25,2018-10,-0.09108823807290692,0
FI,^OMXH25,2018-11,-0.04319491483050139,0
FI,^OMXH25,2018-12,-0.028793264509366222,0
FI,^OMXH25,2019-01,0.0776410222404977,46028500
FI,^OMXH25,2019-02,0.023404026298268082,48633700
FI,^OMXH25,2019-03,-0.011384155887111544,239088400
FI,^OMXH25,2019-04,0.00013390726738856458,0
FI,^OMXH25,2019-05,-0.05939719459909253,19261100
FI,^OMXH25,2019-06,0.04111324222953234,0
FI,^OMXH25,2019-07,-0.012538059473371275,33620000
FI,^OMXH25,2019-08,-0.015504541752885162,48216600
FI,^OMXH25,2019-09,0.04850210695563813,26269500
FI,^OMXH25,2019-10,0.012840019574676197,40433100
FI,^OMXH25,2019-11,-0.007958577721549084,69930800
FI,^OMXH25,2019-12,0.03913849244927345,593066700
FI,^OMXH25,2020-01,0.018329437648486397,1029292100
FI,^OMXH25,2020-02,-0.0658031959473779,1154477300
FI,^OMXH25,2020-03,-0.17422720552696908,2065847000
FI,^OMXH25,2020-04,0.1002711048494693,1184272400
FI,^OMXH25,2020-05,0.05686196946030939,924631800
FI,^OMXH25,2020-06,-0.007761262416317983,833852700
FI,^OMXH25,2020-07,0.037866988620680844,1125294000
FI,^OMXH25,2020-08,0.0548173533607745,396334000
FI,^OMXH25,2020-09,-0.00647972813091221,45728900
FI,^OMXH25,2020-10,-0.053735885391228165,0
FI,^OMXH25,2020-11,0.11790028154210726,31518700
FI,^OMXH25,2020-12,0.004696805083137123,90398800
FI,^OMXH25,2021-01,0.03202324663265256,77781400
FI,^OMXH25,2021-02,0.011313885569483111,276213400
FI,^OMXH25,2021-03,0.02915776378344276,0
FI,^OMXH25,2021-04,0.03756984289915177,31820700
FI,^OMXH25,2021-05,0.018870542378454775,127007200
FI,^OMXH25,2021-06,0.021707117152585335,39559700
FI,^OMXH25,2021-07,0.05376161208356868,84149600
FI,^OMXH25,2021-08,0.007733643990091324,0
FI,^OMXH25,2021-09,-0.0582651551288534,54596800
FI,^OMXH25,2021-10,0.007364828480519411,0
FI,^OMXH25,2021-11,-0.01636954487609749,22193000
FI,^OMXH25,2021-12,0.049840056583289744,0
FI,^OMXH25,2022-01,-0.049702361695876766,138918100
FI,^OMXH25,2022-02,-0.08049214352519808,166354600
FI,^OMXH25,2022-03,-0.0054278738312676135,586417500
FI,^OMXH25,2022-04,0.003567954104072077,182826000
FI,^OMXH25,2022-05,-0.004828669826048922,86416800
FI,^OMXH25,2022-06,-0.0779266704568787,101129800
FI,^OMXH25,2022-07,0.06474941867846117,57476800
FI,^OMXH25,2022-08,-0.01971744452410193,23962500
FI,^OMXH25,2022-09,-0.07037899025473147,35840500
FI,^OMXH25,2022-10,0.04988288637704627,0
FI,^OMXH25,2022-11,0.06697536337375688,23223300
FI,^OMXH25,2022-12,-0.020548268616668558,41044700
FI,^OMXH25,2023-01,0.023147569788914208,38637300
FI,^OMXH25,2023-02,0.017777887114469947,17325100
FI,^OMXH25,2023-03,-0.05087644750879001,0
FI,^OMXH25,2023-04,-0.005808357471617725,88675100
FI,^OMXH25,2023-05,-0.06229894839340201,45997800
FI,^OMXH25,2023-06,-0.009733303323826901,27563800
FI,^OMXH25,2023-07,-0.007182021457378027,18846000
FI,^OMXH25,2023-08,-0.0021170445973275097,0
FI,^OMXH25,2023-09,-0.025309831033047143,18174600
FI,^OMXH25,2023-10,-0.035912810131963235,0
FI,^OMXH25,2023-11,0.061234014734240526,28049200
FI,^OMXH25,2023-12,0.03079743287194552,0
FI,^OMXH25,2024-01,0.00724122132501444,19314700
FI,^OMXH25,2024-02,-0.027957188876998353,26139000
FI,^OMXH25,2024-03,-0.007750274620770113,0
FI,^OMXH25,2024-04,0.015048272935672749,40364400
FI,^OMXH25,2024-05,0.03765259622017706,30836600
FI,^OMXH25,2024-06,-0.029759278581868262,31713900
FI,^OMXH25,2024-07,0.01021031323664669,15615300
FI,^OMXH25,2024-08,0.030930421419924956,397959100
FI,^OMXH25,2024-09,0.011880776198767023,626570600
FI,^OMXH25,2024-10,-0.05701730566274548,808655200
FI,^OMXH25,2024-11,-0.031518687622024755,686105800
FI,^OMXH25,2024-12,-0.004281963151396805,618909100
FI,^OMXH25,2025-01,0.05730837723099276,686394600
FI,^OMXH25,2025-02,0.03205735333091828,789319500
FI,^OMXH25,2025-03,-0.046443519008123046,929921800
FI,^OMXH25,2025-04,-0.0019240206248257912,977020700
FI,^OMXH25,2025-05,0.05069143960805908,702689900
FI,^OMXH25,2025-06,0.010495886270972124,665186500
FI,^OMXH25,2025-07,0.015847920813225804,662083300
FI,^OMXH25,2025-08,0.013549110094646365,580296500
FI,^OMXH25,2025-09,0.0187073985571764,786577200
FI,^OMXH25,2025-10,0.0886694454900919,991062600
FR,^FCHI,2015-01,,3027091300
FR,^FCHI,2015-02,0.07270672785291024,2528232100
FR,^FCHI,2015-03,0.016456889763624884,2829209800
FR,^FCHI,2015-04,0.0025495909564845036,2894296400
FR,^FCHI,2015-05,-0.007678302565592498,2352592200
FR,^FCHI,2015-06,-0.0444424910230476,2863471300
FR,^FCHI,2015-07,0.05925267730116024,2629871400
FR,^FCHI,2015-08,-0.08832341325371211,2579817300
FR,^FCHI,2015-09,-0.04340930605515106,2796557600
FR,^FCHI,2015-10,0.09466540896510338,2759679000
FR,^FCHI,2015-11,0.012164200428693556,2405990100
FR,^FCHI,2015-12,-0.06684121500199741,2661823600
FR,^FCHI,2016-01,-0.048615292375946355,2674749200
FR,^FCHI,2016-02,-0.014473705616282088,2936600000
FR,^FCHI,2016-03,0.007211762733102775,2623726800
FR,^FCHI,2016-04,0.009961462593498796,2379398400
FR,^FCHI,2016-05,0.017160747764890107,2082359700
FR,^FCHI,2016-06,-0.06135678413906541,2909371000
FR,^FCHI,2016-07,0.046642847610805796,2078795600
FR,^FCHI,2016-08,-0.0003581523644386108,1711997500
FR,^FCHI,2016-09,0.0022595122196051916,2122167200
FR,^FCHI,2016-10,0.013620052464800374,1953107300
FR,^FCHI,2016-11,0.015203444630916047,2424966100
FR,^FCHI,2016-12,0.06017719279766433,2072752000
FR,^FCHI,2017-01,-0.02360065396494181,1924959300
FR,^FCHI,2017-02,0.02283323851237577,1914789200
FR,^FCHI,2017-03,0.05289827731782584,2192831200
FR,^FCHI,2017-04,0.027879100086071782,2038144900
FR,^FCHI,2017-05,0.0030897316860151202,2288415800
FR,^FCHI,2017-06,-0.031326062258619315,1959945700
FR,^FCHI,2017-07,-0.005269048846296342,1642469600
FR,^FCHI,2017-08,-0.0016072086362958666,1553280600
FR,^FCHI,2017-09,0.04690458167867408,1828550900
FR,^FCHI,2017-10,0.032030501058790635,1579660900
FR,^FCHI,2017-11,-0.023998768372342605,1745109700
FR,^FCHI,2017-12,-0.011273494609171585,1443544600
FR,^FCHI,2018-01,0.03138342146856825,1704206200
FR,^FCHI,2018-02,-0.029891812375585282,1907980900
FR,^FCHI,2018-03,-0.029215177834601997,1942703700
FR,^FCHI,2018-04,0.0661181653049823,1541886100
FR,^FCHI,2018-05,-0.022365840617393405,1845359900
FR,^FCHI,2018-06,-0.013966018490151257,1879379700
FR,^FCHI,2018-07,0.034663917772799965,1735657900
FR,^FCHI,2018-08,-0.019133808301838473,1536912100
FR,^FCHI,2018-09,0.015897111227683662,1734350200
FR,^FCHI,2018-10,-0.07561037173257026,2255277300
FR,^FCHI,2018-11,-0.017731836101708483,1852211300
FR,^FCHI,2018-12,-0.05615053279654757,1797889100
FR,^FCHI,2019-01,0.053909837610174004,1758500300
FR,^FCHI,2019-02,0.04844170279223171,1689065900
FR,^FCHI,2019-03,0.020772984008353583,1759062500
FR,^FCHI,2019-04,0.04314130931123826,1552386000
FR,^FCHI,2019-05,-0.07021205524673146,1891335300
FR,^FCHI,2019-06,0.06168376635127831,1676802200
FR,^FCHI,2019-07,-0.0036300543100369863,1533760900
FR,^FCHI,2019-08,-0.0069858625727091846,1755063200
FR,^FCHI,2019-09,0.035369394591751875,1726466100
FR,^FCHI,2019-10,0.00912899436476134,1890277500
FR,^FCHI,2019-11,0.0301371514090804,1583901400
FR,^FCHI,2019-12,0.012267885247728878,1455227900
FR,^FCHI,2020-01,-0.029145713326596552,1644181800
FR,^FCHI,2020-02,-0.08937741279440478,2250355600
FR,^FCHI,2020-03,-0.18885062392439406,4755485900
FR,^FCHI,2020-04,0.03926779331309745,2246106400
FR,^FCHI,2020-05,0.026601658827989656,2185653500
FR,^FCHI,2020-06,0.049961495641839444,2765448100
FR,^FCHI,2020-07,-0.031341105182972125,1968206500
FR,^FCHI,2020-08,0.033613643111712416,1492673300
FR,^FCHI,2020-09,-0.029493530381423404,2111670300
FR,^FCHI,2020-10,-0.044528919727139855,1398836100
FR,^FCHI,2020-11,0.1833117132586909,246374100
FR,^FCHI,2020-12,0.005936868461284776,709171000
FR,^FCHI,2021-01,-0.027799338355402336,1890232300
FR,^FCHI,2021-02,0.05477832595220499,1653472600
FR,^FCHI,2021-03,0.06187118973846588,1790816900
FR,^FCHI,2021-04,0.03279125845362218,1131002300
FR,^FCHI,2021-05,0.02794784923581766,1406929000
FR,^FCHI,2021-06,0.00936481660716825,1498795900
FR,^FCHI,2021-07,0.015995001115275954,1235050200
FR,^FCHI,2021-08,0.010143879167862212,1307673500
FR,^FCHI,2021-09,-0.024269085874462592,1895499000
FR,^FCHI,2021-10,0.04649855611581011,1580696700
FR,^FCHI,2021-11,-0.01611364791529693,1852987900
FR,^FCHI,2021-12,0.06227523119336105,1611308500
FR,^FCHI,2022-01,-0.021740128411667385,1499396000
FR,^FCHI,2022-02,-0.0498520795385075,1777814500
FR,^FCHI,2022-03,0.0001561772619494137,2934718800
FR,^FCHI,2022-04,-0.019115867379476098,1549959400
FR,^FCHI,2022-05,-0.009993525347492383,1952982700
FR,^FCHI,2022-06,-0.0881711724497261,1761847100
FR,^FCHI,2022-07,0.08502812836066942,1588082500
FR,^FCHI,2022-08,-0.051452446850565145,1480950600
FR,^FCHI,2022-09,-0.0610514836768536,1789764900
FR,^FCHI,2022-10,0.08391745841529512,1530909300
FR,^FCHI,2022-11,0.07258366575398376,1663727000
FR,^FCHI,2022-12,-0.04008769201349408,1448945200
FR,^FCHI,2023-01,0.08985859893070834,1456704600
FR,^FCHI,2023-02,0.025855897231716638,1563441300
FR,^FCHI,2023-03,0.007465252673271451,1805593600
FR,^FCHI,2023-04,0.022832248414690382,1218351300
FR,^FCHI,2023-05,-0.05385734829609468,1470190300
FR,^FCHI,2023-06,0.04157641999840456,1327360500
FR,^FCHI,2023-07,0.013118831867930952,1060306800
FR,^FCHI,2023-08,-0.024447514725884245,1080040600
FR,^FCHI,2023-09,-0.02513876498971178,1218574400
FR,^FCHI,2023-10,-0.03558114668020755,1265427600
FR,^FCHI,2023-11,0.05990908436772075,1155031400
FR,^FCHI,2023-12,0.03129526103129668,1023563200
FR,^FCHI,2024-01,0.014943744660580873,1134390000
FR,^FCHI,2024-02,0.034741307808007986,1288344100
FR,^FCHI,2024-03,0.034513468055111636,1173789100
FR,^FCHI,2024-04,-0.027286350392611083,1298215700
FR,^FCHI,2024-05,0.0009938717363142222,1176827100
FR,^FCHI,2024-06,-0.06639734713328055,1588907500
FR,^FCHI,2024-07,0.006940366713796746,1201845400
FR,^FCHI,2024-08,0.013119443137172445,1117142300
FR,^FCHI,2024-09,0.0006287940136691628,1244898600
FR,^FCHI,2024-10,-0.038090497636425316,1387062300
FR,^FCHI,2024-11,-0.015805123095475323,1435325600
FR,^FCHI,2024-12,0.01992839140185855,1471883500
FR,^FCHI,2025-01,0.07431936591534276,1541152800
FR,^FCHI,2025-02,0.020105517663323573,1667721300
FR,^FCHI,2025-03,-0.040366826716081765,1855795000
FR,^FCHI,2025-04,-0.025590634888865354,1931159400
FR,^FCHI,2025-05,0.02059534392117978,1349911400
FR,^FCHI,2025-06,-0.011153455117558591,1326313900
FR,^FCHI,2025-07,0.013740452020283574,1276380300
FR,^FCHI,2025-08,-0.008797017675478816,1123842600
FR,^FCHI,2025-09,0.02462201443199011,1240607300
FR,^FCHI,2025-10,0.028113201348793464,1381141900
DE,^GDAXI,2015-01,,2370763000
DE,^GDAXI,2015-02,0.06404618391753411,1826408700
DE,^GDAXI,2015-03,0.048324522718718115,2177975700
DE,^GDAXI,2015-04,-0.04371131588416729,1808544900
DE,^GDAXI,2015-05,-0.0035472501111686533,1779420200
DE,^GDAXI,2015-06,-0.04194496425185307,2240692800
DE,^GDAXI,2015-07,0.03271804035146334,1890992700
DE,^GDAXI,2015-08,-0.09739780239085574,2178011700
DE,^GDAXI,2015-09,-0.0601609626506811,2661931100
DE,^GDAXI,2015-10,0.11613871040692976,2183994200
DE,^GDAXI,2015-11,0.047875457776938767,1732704700
DE,^GDAXI,2015-12,-0.057798119798165494,1837765100
DE,^GDAXI,2016-01,-0.09206574289116355,2229207300
DE,^GDAXI,2016-02,-0.03138203386423677,2532409900
DE,^GDAXI,2016-03,0.04832259601273357,2101602800
DE,^GDAXI,2016-04,0.00734438415838682,1850953700
DE,^GDAXI,2016-05,0.022045391335192063,1768835100
DE,^GDAXI,2016-06,-0.05844870083251214,2493207700
DE,^GDAXI,2016-07,0.06570687772526354,1865809900
DE,^GDAXI,2016-08,0.02438612079215853,1624166000
DE,^GDAXI,2016-09,-0.007739995130086381,2235033000
DE,^GDAXI,2016-10,0.014544081581430255,1852130200
DE,^GDAXI,2016-11,-0.002319606944497678,2186059500
DE,^GDAXI,2016-12,0.07605002304904285,1937908900
DE,^GDAXI,2017-01,0.004714045046068032,1839093600
DE,^GDAXI,2017-02,0.025598674048884842,1635752400
DE,^GDAXI,2017-03,0.03963366353278393,2352684600
DE,^GDAXI,2017-04,0.010112021500111232,1644675400
DE,^GDAXI,2017-05,0.014134216437101905,2005525000
DE,^GDAXI,2017-06,-0.023251838565113387,2051075600
DE,^GDAXI,2017-07,-0.016926884920627723,1774219500
DE,^GDAXI,2017-08,-0.00516340390159388,1736744300
DE,^GDAXI,2017-09,0.06214817096047631,1770810200
DE,^GDAXI,2017-10,0.030757151494400163,1560162000
DE,^GDAXI,2017-11,-0.0156621897065772,2121108500
DE,^GDAXI,2017-12,-0.008198517708540022,1619717800
DE,^GDAXI,2018-01,0.020825785770626704,2108953300
DE,^GDAXI,2018-02,-0.058836178729488764,2328410000
DE,^GDAXI,2018-03,-0.027648192060970758,2414481000
DE,^GDAXI,2018-04,0.04172228447657934,1755404200
DE,^GDAXI,2018-05,-0.0005726853568899554,2224918000
DE,^GDAXI,2018-06,-0.02399785769678938,2326984100
DE,^GDAXI,2018-07,0.03978781781803524,1766679100
DE,^GDAXI,2018-08,-0.03508092383273734,1707359700
DE,^GDAXI,2018-09,-0.009534841447344504,1922506800
DE,^GDAXI,2018-10,-0.06748678222822727,1997993800
DE,^GDAXI,2018-11,-0.01676072059517911,1916112500
DE,^GDAXI,2018-12,-0.06403671315263075,1758607300
DE,^GDAXI,2019-01,0.05653428383140918,1869330700
DE,^GDAXI,2019-02,0.030197012166078476,1606225800
DE,^GDAXI,2019-03,0.0009027459345299847,1867513900
DE,^GDAXI,2019-04,0.06856777543797113,1670784200
DE,^GDAXI,2019-05,-0.05129638391663639,2168473300
DE,^GDAXI,2019-06,0.05571945964841873,1852946200
DE,^GDAXI,2019-07,-0.017062487461560753,1874735700
DE,^GDAXI,2019-08,-0.02070336297937176,1995691100
DE,^GDAXI,2019-09,0.0401246073327647,1753331600
DE,^GDAXI,2019-10,0.03469114141106153,1835726200
DE,^GDAXI,2019-11,0.028319514088867313,1598514500
DE,^GDAXI,2019-12,0.0009537245958985097,1372865900
DE,^GDAXI,2020-01,-0.02036136431590959,1737147300
DE,^GDAXI,2020-02,-0.0878343367353005,2231747600
DE,^GDAXI,2020-03,-0.17957870764244668,4826748300
DE,^GDAXI,2020-04,0.08908887735249625,2507299800
DE,^GDAXI,2020-05,0.064633517047441,2221913600
DE,^GDAXI,2020-06,0.06061665961754418,2754888800
DE,^GDAXI,2020-07,0.0001974200325401658,1712733000
DE,^GDAXI,2020-08,0.05005407835749126,1260622200
DE,^GDAXI,2020-09,-0.014366435638149839,1617666600
DE,^GDAXI,2020-10,-0.09912616387836953,1555195300
DE,^GDAXI,2020-11,0.13985280517704154,1828909000
DE,^GDAXI,2020-12,0.03166655264880411,1360090900
DE,^GDAXI,2021-01,-0.021061019894339592,1557733500
DE,^GDAXI,2021-02,0.025969925810606975,1438588300
DE,^GDAXI,2021-03,0.08493141327150605,1794389200
DE,^GDAXI,2021-04,0.008464040345580542,1320674600
DE,^GDAXI,2021-05,0.018668562777554798,1439213800
DE,^GDAXI,2021-06,0.007101965290118348,1226514500
DE,^GDAXI,2021-07,0.0008591746167597592,1205377400
DE,^GDAXI,2021-08,0.018528574508761768,1034321500
DE,^GDAXI,2021-09,-0.0369480844771593,1337021100
DE,^GDAXI,2021-10,0.027664870670250245,1349471100
DE,^GDAXI,2021-11,-0.03824179461781998,1635891100
DE,^GDAXI,2021-12,0.05066313117399338,1354128600
DE,^GDAXI,2022-01,-0.026386232778426017,1662241200
DE,^GDAXI,2022-02,-0.0675235224430233,1996573700
DE,^GDAXI,2022-03,-0.00320473335265709,2772366100
DE,^GDAXI,2022-04,-0.022227564737148358,1651641200
DE,^GDAXI,2022-05,0.020394401058501047,1803058400
DE,^GDAXI,2022-06,-0.11824246326044893,1720357100
DE,^GDAXI,2022-07,0.05333113002328225,1515787000
DE,^GDAXI,2022-08,-0.04933479618229762,1314537200
DE,^GDAXI,2022-09,-0.057781139976897024,1606290400
DE,^GDAXI,2022-10,0.08988823961830573,1403077100
DE,^GDAXI,2022-11,0.0827428381723604,1461310400
DE,^GDAXI,2022-12,-0.03343811987811093,1127793700
DE,^GDAXI,2023-01,0.08298063517939981,1263845700
DE,^GDAXI,2023-02,0.015536136366241475,1321833900
DE,^GDAXI,2023-03,0.01701663115315783,2329276000
DE,^GDAXI,2023-04,0.01860774393923449,1230000900
DE,^GDAXI,2023-05,-0.016359326694969478,1515731000
DE,^GDAXI,2023-06,0.03042370176946138,1657208000
DE,^GDAXI,2023-07,0.01834272377972991,1335165400
DE,^GDAXI,2023-08,-0.030857012954523033,1354111400
DE,^GDAXI,2023-09,-0.035780039258787984,1478334200
DE,^GDAXI,2023-10,-0.03817013108372347,1510326000
DE,^GDAXI,2023-11,0.0906376638641637,1623479000
DE,^GDAXI,2023-12,0.0325329624442347,1316521100
DE,^GDAXI,2024-01,0.00903986728900581,1469221100
DE,^GDAXI,2024-02,0.04479557694343264,1473538600
DE,^GDAXI,2024-03,0.04503307092589659,1555272300
DE,^GDAXI,2024-04,-0.03076841424372013,1554583300
DE,^GDAXI,2024-05,0.03106304281848679,1491744800
DE,^GDAXI,2024-06,-0.014291886037643786,1331569800
DE,^GDAXI,2024-07,0.014870752550030567,1184268300
DE,^GDAXI,2024-08,0.02128977700645785,1019460800
DE,^GDAXI,2024-09,0.02186796755748594,1393399300
DE,^GDAXI,2024-10,-0.012884278296452233,1217257300
DE,^GDAXI,2024-11,0.02836642873474483,1415336600
DE,^GDAXI,2024-12,0.014300847677705602,1114142900
DE,^GDAXI,2025-01,0.08760921122935432,1419143600
DE,^GDAXI,2025-02,0.03701029932451077,1443732400
DE,^GDAXI,2025-03,-0.01735211368676194,1953357800
DE,^GDAXI,2025-04,0.014934747787439076,1981512500
DE,^GDAXI,2025-05,0.06456774555268714,1429149800
DE,^GDAXI,2025-06,-0.0036684003381486398,1260382600
DE,^GDAXI,2025-07,0.006497618189712816,1211948500
DE,^GDAXI,2025-08,-0.006807099715858365,1071964700
DE,^GDAXI,2025-09,-0.0008994942372137462,1214597200
DE,^GDAXI,2025-10,0.003243383485976999,1106280700
IE,^ISEQ,2015-01,,2409247900
IE,^ISEQ,2015-02,0.08836729238097936,2262858100
IE,^ISEQ,2015-03,0.007078823934998051,2487460700
IE,^ISEQ,2015-04,0.004584493463015565,1945833000
IE,^ISEQ,2015-05,0.03692268300681359,1282872200
IE,^ISEQ,2015-06,-0.01761512235841334,1850571400
IE,^ISEQ,2015-07,0.054870236780762444,1682394300
IE,^ISEQ,2015-08,-0.0165344663477506,1385906900
IE,^ISEQ,2015-09,-0.03795139957740002,1414664500
IE,^ISEQ,2015-10,0.041469974967004955,1840526800
IE,^ISEQ,2015-11,0.06181650486706837,2398481000
IE,^ISEQ,2015-12,-0.006867122332215234,1125964500
IE,^ISEQ,2016-01,-0.06830864365852896,1587540300
IE,^ISEQ,2016-02,0.0001370859794862815,2368518600
IE,^ISEQ,2016-03,-0.005562309222852734,1800538800
IE,^ISEQ,2016-04,-0.023658819810966247,3139660000
IE,^ISEQ,2016-05,0.05248983771114398,2010676700
IE,^ISEQ,2016-06,-0.14047001154577918,3461381200
IE,^ISEQ,2016-07,0.03912703302455288,1789979700
IE,^ISEQ,2016-08,0.05031436224616021,1749430400
IE,^ISEQ,2016-09,-0.022219196167801138,1646466800
IE,^ISEQ,2016-10,-0.02043327604376979,1769763100
IE,^ISEQ,2016-11,0.04997998405303263,1974080600
IE,^ISEQ,2016-12,0.04735660330164034,1538962300
IE,^ISEQ,2017-01,-0.019342767637588725,1581936100
IE,^ISEQ,2017-02,0.023832979756533444,1657831500
IE,^ISEQ,2017-03,0.016965038824710447,1957961500
IE,^ISEQ,2017-04,0.0299148462443784,2430676300
IE,^ISEQ,2017-05,0.012429762611497015,2213881300
IE,^ISEQ,2017-06,-0.01727470184027057,3146914100
IE,^ISEQ,2017-07,-0.026451025656343437,1084667900
IE,^ISEQ,2017-08,-0.0042500384451029565,377749700
IE,^ISEQ,2017-09,0.03859787681317383,525432500
IE,^ISEQ,2017-10,0.013133843841732096,561915700
IE,^ISEQ,2017-11,-0.015181942325423806,575534700
IE,^ISEQ,2017-12,0.024538910030009024,387640800
IE,^ISEQ,2018-01,-0.010948693200343007,595315900
IE,^ISEQ,2018-02,-0.0407897341041909,518045200
IE,^ISEQ,2018-03,-0.01351831443410502,452345200
IE,^ISEQ,2018-04,0.03157849787617396,438853100
IE,^ISEQ,2018-05,0.04814765038140447,581719200
IE,^ISEQ,2018-06,-0.022378908213234173,376915800
IE,^ISEQ,2018-07,-0.02183976369553499,496660800
IE,^ISEQ,2018-08,-0.008536034942845598,411834800
IE,^ISEQ,2018-09,-0.03784223860554472,481599800
IE,^ISEQ,2018-10,-0.059172886512913546,566300800
IE,^ISEQ,2018-11,-0.054995106870866284,530228400
IE,^ISEQ,2018-12,-0.059997819771880734,404875700
IE,^ISEQ,2019-01,0.051199510899853376,510899000
IE,^ISEQ,2019-02,0.05857294925418535,460445500
IE,^ISEQ,2019-03,0.003763603079395857,475781300
IE,^ISEQ,2019-04,0.05028573764328745,523985100
IE,^ISEQ,2019-05,-0.05994842080766095,676889000
IE,^ISEQ,2019-06,0.011935794047490343,437450900
IE,^ISEQ,2019-07,-0.006767934010729987,625194000
IE,^ISEQ,2019-08,-0.03865357532280155,781656600
IE,^ISEQ,2019-09,0.0602221722493952,613560700
IE,^ISEQ,2019-10,0.04630272956266345,649884500
IE,^ISEQ,2019-11,0.06764997004610265,487522800
IE,^ISEQ,2019-12,0.026141246270180874,418992600
IE,^ISEQ,2020-01,-0.026121221389789565,550245700
IE,^ISEQ,2020-02,-0.08976601431449192,692967200
IE,^ISEQ,2020-03,-0.2161818041710483,1329799500
IE,^ISEQ,2020-04,0.08359698602844857,906499100
IE,^ISEQ,2020-05,0.04970758563885879,930021200
IE,^ISEQ,2020-06,0.014390209881443915,800958000
IE,^ISEQ,2020-07,0.020821566085682565,516531000
IE,^ISEQ,2020-08,0.05344327387884727,438078900
IE,^ISEQ,2020-09,-0.00835566613387258,571099700
IE,^ISEQ,2020-10,0.007315416838845536,1131662500
IE,^ISEQ,2020-11,0.1113361694414815,606739200
IE,^ISEQ,2020-12,0.02631551132669062,525094800
IE,^ISEQ,2021-01,-0.04563169850994788,557734400
IE,^ISEQ,2021-02,0.04089591748665495,575274100
IE,^ISEQ,2021-03,0.09634386858167736,515086600
IE,^ISEQ,2021-04,0.0011114870469407694,435282200
IE,^ISEQ,2021-05,0.01700519130363649,523087400
IE,^ISEQ,2021-06,-0.006987541324472216,516169100
IE,^ISEQ,2021-07,0.018207579738953435,424159200
IE,^ISEQ,2021-08,0.054044314739349286,328647000
IE,^ISEQ,2021-09,-0.044780123417234856,420463900
IE,^ISEQ,2021-10,0.01758755764867932,410249800
IE,^ISEQ,2021-11,-0.08588033017584486,430270200
IE,^ISEQ,2021-12,0.07332519610961549,385349000
IE,^ISEQ,2022-01,-0.02684765597217483,450634100
IE,^ISEQ,2022-02,-0.04484903931598439,508829000
IE,^ISEQ,2022-03,-0.08983794437750345,970833200
IE,^ISEQ,2022-04,0.019619992067792875,529356900
IE,^ISEQ,2022-05,-0.002351517493428427,433547000
IE,^ISEQ,2022-06,-0.152201586790502,548419500
IE,^ISEQ,2022-07,0.08115864682841538,337375100
IE,^ISEQ,2022-08,0.024520834570951368,289778600
IE,^ISEQ,2022-09,-0.10036073727524275,466136200
IE,^ISEQ,2022-10,0.10053412448079309,438401700
IE,^ISEQ,2022-11,0.04064851494546986,750539000
IE,^ISEQ,2022-12,-0.02221504455501487,343348100
IE,^ISEQ,2023-01,0.10647666929681207,443406800
IE,^ISEQ,2023-02,0.03813671493188217,340292000
IE,^ISEQ,2023-03,0.015256317445849904,510686000
IE,^ISEQ,2023-04,0.010842293537293575,304759900
IE,^ISEQ,2023-05,0.003555087513498609,356510200
IE,^ISEQ,2023-06,0.030372541406436686,516069000
IE,^ISEQ,2023-07,0.03856627357982521,274144100
IE,^ISEQ,2023-08,-0.013342293482688455,274130600
IE,^ISEQ,2023-09,-0.06099626685879843,402949100
IE,^ISEQ,2023-10,-0.07162950162617085,286846000
IE,^ISEQ,2023-11,0.06434955020294719,352961400
IE,^ISEQ,2023-12,0.04731341229576197,362914100
IE,^ISEQ,2024-01,0.046585363273905,328026700
IE,^ISEQ,2024-02,0.03338142693959922,356164600
IE,^ISEQ,2024-03,0.0480990602246696,427320000
IE,^ISEQ,2024-04,-0.004018166140610864,369974900
IE,^ISEQ,2024-05,0.002314520323950552,427101400
IE,^ISEQ,2024-06,-0.06461371226914009,419201100
IE,^ISEQ,2024-07,0.037463610089746364,406397400
IE,^ISEQ,2024-08,0.01079627551377763,309451400
IE,^ISEQ,2024-09,0.012002445005089304,418168400
IE,^ISEQ,2024-10,-0.02673245461732222,401294500
IE,^ISEQ,2024-11,-0.0028412667878131414,372031800
IE,^ISEQ,2024-12,0.015338458460929823,258775400
IE,^ISEQ,2025-01,0.0449504562955536,439604300
IE,^ISEQ,2025-02,0.07338378805045043,415498500
IE,^ISEQ,2025-03,-0.0750695750791635,605677100
IE,^ISEQ,2025-04,0.017973348189850843,444285300
IE,^ISEQ,2025-05,0.09539025591372716,504250600
IE,^ISEQ,2025-06,0.0008750533887552508,370244900
IE,^ISEQ,2025-07,-0.0010021409356004304,433533000
IE,^ISEQ,2025-08,-0.011368181269876732,300391600
IE,^ISEQ,2025-09,0.02998479263453618,350962000
IE,^ISEQ,2025-10,0.021553359234852347,382528200
IT,FTSEMIB.MI,2015-01,,9087948200
IT,FTSEMIB.MI,2015-02,0.08571804721772514,10247805600
IT,FTSEMIB.MI,2015-03,0.03600784651719158,12144830500
IT,FTSEMIB.MI,2015-04,-0.004804892044003788,13044084200
IT,FTSEMIB.MI,2015-05,0.019337975304496206,13224120400
IT,FTSEMIB.MI,2015-06,-0.04504972197966114,14452488500
IT,FTSEMIB.MI,2015-07,0.04683566453881273,13352808200
IT,FTSEMIB.MI,2015-08,-0.07021352806017132,11539583400
IT,FTSEMIB.MI,2015-09,-0.029930305020122314,12503286200
IT,FTSEMIB.MI,2015-10,0.05250645818320077,8675287100
IT,FTSEMIB.MI,2015-11,0.012178800250852296,10781511800
IT,FTSEMIB.MI,2015-12,-0.05892587183054658,9148240700
IT,FTSEMIB.MI,2016-01,-0.13801027918882142,14974056000
IT,FTSEMIB.MI,2016-02,-0.057016543707629555,18280014200
IT,FTSEMIB.MI,2016-03,0.02764585691164136,17926586900
IT,FTSEMIB.MI,2016-04,0.026364618720939956,16614964200
IT,FTSEMIB.MI,2016-05,-0.03145565954380103,13773265500
IT,FTSEMIB.MI,2016-06,-0.10687190534421467,20682172700
IT,FTSEMIB.MI,2016-07,0.03928482157726885,17503317100
IT,FTSEMIB.MI,2016-08,0.0056821697719021255,13242974400
IT,FTSEMIB.MI,2016-09,-0.03251246059499733,14469935700
IT,FTSEMIB.MI,2016-10,0.043197075567317035,16345232100
IT,FTSEMIB.MI,2016-11,-0.011452188003244995,6355091700
IT,FTSEMIB.MI,2016-12,0.12764434005921452,17069878200
IT,FTSEMIB.MI,2017-01,-0.03405394355617828,12809364400
IT,FTSEMIB.MI,2017-02,0.01717192365823717,10287560800
IT,FTSEMIB.MI,2017-03,0.08023384811150458,12292286300
IT,FTSEMIB.MI,2017-04,0.005644509171549431,9231501200
IT,FTSEMIB.MI,2017-05,0.005950526738088622,11526534200
IT,FTSEMIB.MI,2017-06,-0.007164325348017044,9105119200
IT,FTSEMIB.MI,2017-07,0.04293402611614808,7547130800
IT,FTSEMIB.MI,2017-08,0.008480714452676487,6419076100
IT,FTSEMIB.MI,2017-09,0.046259881958282595,7145969400
IT,FTSEMIB.MI,2017-10,0.004308645926993279,8189878200
IT,FTSEMIB.MI,2017-11,-0.018865977382143764,8931594900
IT,FTSEMIB.MI,2017-12,-0.023293154163384497,6865153100
IT,FTSEMIB.MI,2018-01,0.07296003724736587,8203560700
IT,FTSEMIB.MI,2018-02,-0.038994423193209456,8957986800
IT,FTSEMIB.MI,2018-03,-0.008751916188720444,9857786000
IT,FTSEMIB.MI,2018-04,0.06762653755854052,8953371900
IT,FTSEMIB.MI,2018-05,-0.09600269194053321,12940818700
IT,FTSEMIB.MI,2018-06,-0.007279460848113133,9632982800
IT,FTSEMIB.MI,2018-07,0.026916455481153127,7160416700
IT,FTSEMIB.MI,2018-08,-0.09172012474867106,7458799900
IT,FTSEMIB.MI,2018-09,0.02162061719340916,8864869800
IT,FTSEMIB.MI,2018-10,-0.08364614087652658,10985281200
IT,FTSEMIB.MI,2018-11,0.007270096614895362,8782084800
IT,FTSEMIB.MI,2018-12,-0.046125522163109584,7162733800
IT,FTSEMIB.MI,2019-01,0.07397932696282797,9757470300
IT,FTSEMIB.MI,2019-02,0.045960056822168104,9521914900
IT,FTSEMIB.MI,2019-03,0.029898519809360855,9705181400
IT,FTSEMIB.MI,2019-04,0.027569100729661854,8040247900
IT,FTSEMIB.MI,2019-05,-0.09983573764819141,9978908200
IT,FTSEMIB.MI,2019-06,0.06986782106491148,7840944400
IT,FTSEMIB.MI,2019-07,0.007646695951180363,8408227100
IT,FTSEMIB.MI,2019-08,-0.003511157372317914,8519520500
IT,FTSEMIB.MI,2019-09,0.03615323162691958,8116436700
IT,FTSEMIB.MI,2019-10,0.026161038397781177,8883142500
IT,FTSEMIB.MI,2019-11,0.02459158153613407,8294602600
IT,FTSEMIB.MI,2019-12,0.010563553805730812,6330692600
IT,FTSEMIB.MI,2020-01,-0.011509871839186671,8217279200
IT,FTSEMIB.MI,2020-02,-0.05543091983153689,10882067800
IT,FTSEMIB.MI,2020-03,-0.2541060630039243,20544640100
IT,FTSEMIB.MI,2020-04,0.03679065513567941,9495459100
IT,FTSEMIB.MI,2020-05,0.02831218976280515,9529623400
IT,FTSEMIB.MI,2020-06,0.06272348887623747,13659491500
IT,FTSEMIB.MI,2020-07,-0.01476578766708631,9452756100
IT,FTSEMIB.MI,2020-08,0.027993358126679472,7860109700
IT,FTSEMIB.MI,2020-09,-0.03203461589010666,8938029900
IT,FTSEMIB.MI,2020-10,-0.05802807464969333,8926764600
IT,FTSEMIB.MI,2020-11,0.20661127698309628,12720885300
IT,FTSEMIB.MI,2020-12,0.007766327923705616,8253586100
IT,FTSEMIB.MI,2021-01,-0.03013513884886481,8550561000
IT,FTSEMIB.MI,2021-02,0.05746481991794057,10214479100
IT,FTSEMIB.MI,2021-03,0.07582897900807181,11724354900
IT,FTSEMIB.MI,2021-04,-0.020824691882373556,7215102900
IT,FTSEMIB.MI,2021-05,0.04178089836301768,9122023800
IT,FTSEMIB.MI,2021-06,-0.0027450139568686014,7330570200
IT,FTSEMIB.MI,2021-07,0.010343894864256489,7014778300
IT,FTSEMIB.MI,2021-08,0.025151212867704425,6062556000
IT,FTSEMIB.MI,2021-09,-0.012574402038413453,8456766300
IT,FTSEMIB.MI,2021-10,0.045365465126101595,8935217300
IT,FTSEMIB.MI,2021-11,-0.04031671464490761,15418073600
IT,FTSEMIB.MI,2021-12,0.05768985322479842,7744135000
IT,FTSEMIB.MI,2022-01,-0.019682694458425028,8864453400
IT,FTSEMIB.MI,2022-02,-0.05354524221215445,10400905100
IT,FTSEMIB.MI,2022-03,-0.01566342470157063,18007178000
IT,FTSEMIB.MI,2022-04,-0.031216384056160087,8075302200
IT,FTSEMIB.MI,2022-05,0.010378090152026478,8538736900
IT,FTSEMIB.MI,2022-06,-0.14045183546909645,8483686800
IT,FTSEMIB.MI,2022-07,0.050858805345691996,9268760200
IT,FTSEMIB.MI,2022-08,-0.03849078546223625,8023332600
IT,FTSEMIB.MI,2022-09,-0.0431264706915332,10479782900
IT,FTSEMIB.MI,2022-10,0.09258125616722174,8584812200
IT,FTSEMIB.MI,2022-11,0.08290471615140592,11133454600
IT,FTSEMIB.MI,2022-12,-0.037382501221869216,7641959900
IT,FTSEMIB.MI,2023-01,0.11514085260655796,10434452500
IT,FTSEMIB.MI,2023-02,0.03247446871410309,12784208700
IT,FTSEMIB.MI,2023-03,-0.013335484844558813,12183591500
IT,FTSEMIB.MI,2023-04,-0.0013655406155817554,7922873600
IT,FTSEMIB.MI,2023-05,-0.03862850386309855,8907372700
IT,FTSEMIB.MI,2023-06,0.08036450976802707,8815548800
IT,FTSEMIB.MI,2023-07,0.04887281221278652,7818565400
IT,FTSEMIB.MI,2023-08,-0.0278075957334036,9461881000
IT,FTSEMIB.MI,2023-09,-0.020640242148519124,10084553000
IT,FTSEMIB.MI,2023-10,-0.01789812893630986,11031266700
IT,FTSEMIB.MI,2023-11,0.06944455135931887,10084600600
IT,FTSEMIB.MI,2023-12,0.020470351492241173,8656742900
IT,FTSEMIB.MI,2024-01,0.01283244006988436,9142030600
IT,FTSEMIB.MI,2024-02,0.05803444311741756,10747563700
IT,FTSEMIB.MI,2024-03,0.0644502756308408,17700355000
IT,FTSEMIB.MI,2024-04,-0.02928804753200264,10420351900
IT,FTSEMIB.MI,2024-05,0.021835888611279587,12171402500
IT,FTSEMIB.MI,2024-06,-0.039564040087403704,9322896000
IT,FTSEMIB.MI,2024-07,0.018231773118799213,8784666400
IT,FTSEMIB.MI,2024-08,0.017876226354452383,8183912100
IT,FTSEMIB.MI,2024-09,-0.007241118970802152,9591054100
IT,FTSEMIB.MI,2024-10,0.004561011327562667,9899866900
IT,FTSEMIB.MI,2024-11,-0.025586363869652913,9692728000
IT,FTSEMIB.MI,2024-12,0.02281130257104278,10072409300
IT,FTSEMIB.MI,2025-01,0.06472863937706402,10686441300
IT,FTSEMIB.MI,2025-02,0.05813128986129782,14988708400
IT,FTSEMIB.MI,2025-03,-0.015722487428227523,14218326000
IT,FTSEMIB.MI,2025-04,-0.011816625065844215,14422758900
IT,FTSEMIB.MI,2025-05,0.06391507194718808,11966118600
IT,FTSEMIB.MI,2025-06,-0.007386205164505565,9056305400
IT,FTSEMIB.MI,2025-07,0.029613453876422682,8515390500
IT,FTSEMIB.MI,2025-08,0.02904608888209083,8473531200
IT,FTSEMIB.MI,2025-09,0.012458799182092313,8639687900
IT,FTSEMIB.MI,2025-10,0.010477395031087777,11183910800
NL,^AEX,2015-01,,2295729500
NL,^AEX,2015-02,0.07182634640671491,2132924000
NL,^AEX,2015-03,0.01126033844307522,2122983100
NL,^AEX,2015-04,-0.003192597401000252,1926754400
NL,^AEX,2015-05,0.011636433018800517,1713809300
NL,^AEX,2015-06,-0.04343741072606245,2187214400
NL,^AEX,2015-07,0.04681530694514241,1974446300
NL,^AEX,2015-08,-0.10688063042161833,2210845100
NL,^AEX,2015-09,-0.055176338128064814,2274460500
NL,^AEX,2015-10,0.0928592322954978,2356116800
NL,^AEX,2015-11,0.015886285802311568,2134832500
NL,^AEX,2015-12,-0.06080829695959538,2150028300
NL,^AEX,2016-01,-0.024145047578426095,2524113000
NL,^AEX,2016-02,-0.009341422125156791,2844603800
NL,^AEX,2016-03,0.02960855619609373,2443585500
NL,^AEX,2016-04,-0.0009774894480681154,2257515000
NL,^AEX,2016-05,0.01845582789544679,2056074300
NL,^AEX,2016-06,-0.027136013520430022,2675183800
NL,^AEX,2016-07,0.03150271644901941,2115001000
NL,^AEX,2016-08,0.010064159339986096,1859965300
NL,^AEX,2016-09,-0.004521890842740334,2113273500
NL,^AEX,2016-10,0.0005746580420163368,1991888200
NL,^AEX,2016-11,0.010156154958994683,2495252600
NL,^AEX,2016-12,0.05522580113322306,1935176500
NL,^AEX,2017-01,-0.013460264771387917,1727615900
NL,^AEX,2017-02,0.038356274120670324,1909270400
NL,^AEX,2017-03,0.04188809161910536,2176408500
NL,^AEX,2017-04,0.00884685279183779,1863955900
NL,^AEX,2017-05,0.005625737009292913,2276017400
NL,^AEX,2017-06,-0.03281847137382468,2146512600
NL,^AEX,2017-07,0.035429205683339335,1733489300
NL,^AEX,2017-08,-0.018051772192843634,1685762200
NL,^AEX,2017-09,0.039925576287461656,1616924200
NL,^AEX,2017-10,0.02993511973426801,1647862100
NL,^AEX,2017-11,-0.024272139903268524,2086484500
NL,^AEX,2017-12,0.008242091349726024,1588729000
NL,^AEX,2018-01,0.028850072401136836,1827722000
NL,^AEX,2018-02,-0.04551465541751632,1848009300
NL,^AEX,2018-03,-0.011379331033889353,1866866500
NL,^AEX,2018-04,0.04831155695163338,1658940700
NL,^AEX,2018-05,-0.005195856819083973,2092935000
NL,^AEX,2018-06,-0.0021185180689714048,1946027800
NL,^AEX,2018-07,0.0400966868101427,1656599700
NL,^AEX,2018-08,-0.027953504747458852,1720793400
NL,^AEX,2018-09,-0.01588421535779956,1866307500
NL,^AEX,2018-10,-0.05788211896559105,2170480500
NL,^AEX,2018-11,0.0012715267081254147,1974712600
NL,^AEX,2018-12,-0.06254704522322174,1765112600
NL,^AEX,2019-01,0.06497014211192671,1877499400
NL,^AEX,2019-02,0.03847204736072551,1670828500
NL,^AEX,2019-03,0.014550301940193104,1754782300
NL,^AEX,2019-04,0.040377427947808416,1372199000
NL,^AEX,2019-05,-0.055963285891505274,1425327400
NL,^AEX,2019-06,0.03859861235169236,1391558200
NL,^AEX,2019-07,0.018221638798713188,1495895400
NL,^AEX,2019-08,-0.024310406436389622,1894539500
NL,^AEX,2019-09,0.0384385808311007,1634882400
NL,^AEX,2019-10,-0.006223721542534118,1753013600
NL,^AEX,2019-11,0.035201899350176036,1403449600
NL,^AEX,2019-12,0.012131309538211118,1245608700
NL,^AEX,2020-01,-0.025259310365954503,1485896300
NL,^AEX,2020-02,-0.08885437914164772,1973499500
NL,^AEX,2020-03,-0.10949312373240397,4965797300
NL,^AEX,2020-04,0.05919263716880903,2831725400
NL,^AEX,2020-05,0.037594503823547884,2566313400
NL,^AEX,2020-06,0.049740131614023735,2932850100
NL,^AEX,2020-07,-0.026136766770501203,1879885800
NL,^AEX,2020-08,0.00714497318149482,1700034600
NL,^AEX,2020-09,-0.0027349820432668605,1283950600
NL,^AEX,2020-10,-0.02555661032563163,2255871500
NL,^AEX,2020-11,0.12674191730191933,1232961200
NL,^AEX,2020-12,0.030214410461470075,25728400
NL,^AEX,2021-01,0.01981487061507124,251231000
NL,^AEX,2021-02,0.02196666090072196,121786800
NL,^AEX,2021-03,0.07195702845091465,1184985400
NL,^AEX,2021-04,0.010956436642901652,167025000
NL,^AEX,2021-05,0.002540706296686385,69573800
NL,^AEX,2021-06,0.028023675976615807,1589900
NL,^AEX,2021-07,0.03341661046162015,638282700
NL,^AEX,2021-08,0.043212312984148044,95590900
NL,^AEX,2021-09,-0.02010890388407932,233687700
NL,^AEX,2021-10,0.049250210773755666,326454800
NL,^AEX,2021-11,-0.04221486694589666,963221900
NL,^AEX,2021-12,0.02607869133727753,125821700
NL,^AEX,2022-01,-0.05503823412971407,216859300
NL,^AEX,2022-02,-0.03432177222334912,78089800
NL,^AEX,2022-03,-0.007593244584488363,1204725400
NL,^AEX,2022-04,-0.01842334164592639,85991200
NL,^AEX,2022-05,0.0026688376123832356,216608500
NL,^AEX,2022-06,-0.07824065251278581,76108700
NL,^AEX,2022-07,0.10120466217099518,459375100
NL,^AEX,2022-08,-0.06972854676045351,202938700
NL,^AEX,2022-09,-0.060112123255382156,146119700
NL,^AEX,2022-10,0.0457662005482778,404313100
NL,^AEX,2022-11,0.07672682033381767,827292300
NL,^AEX,2022-12,-0.04967367180850209,247937500
NL,^AEX,2023-01,0.07838342382744821,138807100
NL,^AEX,2023-02,0.010333029566403537,108815200
NL,^AEX,2023-03,0.004307181127940922,1256071300
NL,^AEX,2023-04,0.0030501685193265937,209874700
NL,^AEX,2023-05,-0.012777571313533475,64226800
NL,^AEX,2023-06,0.03294232376218148,219595200
NL,^AEX,2023-07,0.023067037454809966,111360000
NL,^AEX,2023-08,-0.0630312467143641,444084100
NL,^AEX,2023-09,-0.020144550583463264,282918600
NL,^AEX,2023-10,-0.014080753811662227,97886600
NL,^AEX,2023-11,0.06262325061542588,275140400
NL,^AEX,2023-12,0.02807142360054426,36497900
NL,^AEX,2024-01,0.039119539304871075,138454300
NL,^AEX,2024-02,0.03628031780276184,1380464500
NL,^AEX,2024-03,0.03854325298276316,1208404500
NL,^AEX,2024-04,-0.003351128177212793,1185950700
NL,^AEX,2024-05,0.027806338331240146,1185862700
NL,^AEX,2024-06,0.022151859209396375,999115700
NL,^AEX,2024-07,-0.0035023435694178126,926761600
NL,^AEX,2024-08,-0.0021312934935557378,988339800
NL,^AEX,2024-09,-0.009339603727847031,993868600
NL,^AEX,2024-10,-0.04029015785472619,1017454700
NL,^AEX,2024-11,0.008599568812535398,1015471100
NL,^AEX,2024-12,-0.0035219827946190644,889774500
NL,^AEX,2025-01,0.048116266418177886,1085715600
NL,^AEX,2025-02,-2.1714806340904087e-05,1201374800
NL,^AEX,2025-03,-0.025397906629235398,1431413200
NL,^AEX,2025-04,-0.023539208995450117,1451416400
NL,^AEX,2025-05,0.05003206630349511,1124077900
NL,^AEX,2025-06,-0.010510837110582288,1065198200
NL,^AEX,2025-07,-0.012361512936288902,976350000
NL,^AEX,2025-08,-0.006048901472928396,851936800
NL,^AEX,2025-09,0.0502008559871379,1032878500
NL,^AEX,2025-10,0.029967128639814405,1086051100
ES,^IBEX,2015-01,,8138216700
ES,^IBEX,2015-02,0.07185132094027004,6402043500
ES,^IBEX,2015-03,0.030205752660310906,6722708900
ES,^IBEX,2015-04,-0.011883415558847575,6194675400
ES,^IBEX,2015-05,-0.014812776228144371,4930278600
ES,^IBEX,2015-06,-0.04076582660126823,5883670100
ES,^IBEX,2015-07,0.03747097954792323,6289684200
ES,^IBEX,2015-08,-0.08603372491265714,5883380300
ES,^IBEX,2015-09,-0.07057803590785802,6588833900
ES,^IBEX,2015-10,0.08044249804817463,5915543200
ES,^IBEX,2015-11,0.0025256160356113477,5324798700
ES,^IBEX,2015-12,-0.0846117627682916,5341517600
ES,^IBEX,2016-01,-0.07938809040839341,6521442400
ES,^IBEX,2016-02,-0.0410308950040998,7253261200
ES,^IBEX,2016-03,0.030459974987081414,6526789200
ES,^IBEX,2016-04,0.03410148440697976,6326431900
ES,^IBEX,2016-05,0.0009191529494472824,5111866500
ES,^IBEX,2016-06,-0.10134680612406922,7287876500
ES,^IBEX,2016-07,0.05062528696431381,5783994800
ES,^IBEX,2016-08,0.014979430501466195,4054642300
ES,^IBEX,2016-09,0.0071559369889535535,5474332500
ES,^IBEX,2016-10,0.040613236594575386,5388041600
ES,^IBEX,2016-11,-0.05105554360538327,6341923000
ES,^IBEX,2016-12,0.0736350695791714,5998465500
ES,^IBEX,2017-01,-0.003953379707576478,5060206300
ES,^IBEX,2017-02,0.025469409410656823,5155250400
ES,^IBEX,2017-03,0.09071879925234105,6284978700
ES,^IBEX,2017-04,0.02388356540188516,5253032100
ES,^IBEX,2017-05,0.01520697182667141,6293560600
ES,^IBEX,2017-06,-0.04085071735922252,5108491700
ES,^IBEX,2017-07,0.005509253554673343,3877194500
ES,^IBEX,2017-08,-0.019489427255260698,2684871400
ES,^IBEX,2017-09,0.007930025599904066,3231023100
ES,^IBEX,2017-10,0.013585475629198792,4735176800
ES,^IBEX,2017-11,-0.030145281023688623,3481066100
ES,^IBEX,2017-12,-0.016500046628613017,2851788200
ES,^IBEX,2018-01,0.039779984834912345,3467187800
ES,^IBEX,2018-02,-0.06025933022363014,3797575900
ES,^IBEX,2018-03,-0.024681373595236346,3389121000
ES,^IBEX,2018-04,0.03883836465744122,2672263600
ES,^IBEX,2018-05,-0.0529895601504474,4002713400
ES,^IBEX,2018-06,0.01647130140837883,3911454800
ES,^IBEX,2018-07,0.025445881827251188,3418150700
ES,^IBEX,2018-08,-0.04895689425199611,3050450100
ES,^IBEX,2018-09,-0.0010537850770411547,3393043900
ES,^IBEX,2018-10,-0.05423944054102533,4734801200
ES,^IBEX,2018-11,0.02044512369675737,3559637300
ES,^IBEX,2018-12,-0.06101645265893852,3502102800
ES,^IBEX,2019-01,0.0587554929876818,3330623000
ES,^IBEX,2019-02,0.024108855444845333,3341982100
ES,^IBEX,2019-03,-0.004039360781769998,3728201100
ES,^IBEX,2019-04,0.03512152708724825,3280144200
ES,^IBEX,2019-05,-0.06100470177009132,3353960600
ES,^IBEX,2019-06,0.02138186269351265,3254319800
ES,^IBEX,2019-07,-0.02507586695549414,3500826800
ES,^IBEX,2019-08,-0.01778055107370729,3585527500
ES,^IBEX,2019-09,0.04782295351461218,3963369200
ES,^IBEX,2019-10,0.0013944787875792837,3728062800
ES,^IBEX,2019-11,0.010156190364136597,3441821700
ES,^IBEX,2019-12,0.020867177633775772,3051455700
ES,^IBEX,2020-01,-0.019168408503918318,3315811500
ES,^IBEX,2020-02,-0.07130282782959738,4255071000
ES,^IBEX,2020-03,-0.2512129347389423,8461280200
ES,^IBEX,2020-04,0.01997482540306388,4461830400
ES,^IBEX,2020-05,0.024853648623026404,5955083900
ES,^IBEX,2020-06,0.018830936784703465,8096492600
ES,^IBEX,2020-07,-0.050191982197796095,4957069900
ES,^IBEX,2020-08,0.013302826843721183,3894889200
ES,^IBEX,2020-09,-0.03696139753125679,6278361100
ES,^IBEX,2020-10,-0.04016090046322317,4961102800
ES,^IBEX,2020-11,0.22458693526491544,7630817100
ES,^IBEX,2020-12,-0.00039623383078843556,4869546400
ES,^IBEX,2021-01,-0.03995177228705279,4068253200
ES,^IBEX,2021-02,0.05851817931103748,4223921700
ES,^IBEX,2021-03,0.0422556168484354,4963591400
ES,^IBEX,2021-04,0.02702090234996268,3439180000
ES,^IBEX,2021-05,0.0371788803279176,3817060300
ES,^IBEX,2021-06,-0.03647575885058423,3474504900
ES,^IBEX,2021-07,-0.01663190059439582,3228649700
ES,^IBEX,2021-08,0.019507123524377275,2486258000
ES,^IBEX,2021-09,-0.005702003938176939,3918300700
ES,^IBEX,2021-10,0.029284089935703413,3503237100
ES,^IBEX,2021-11,-0.08674550935706853,4211864700
ES,^IBEX,2021-12,0.048038216547910476,3337560800
ES,^IBEX,2022-01,-0.011658507297965404,3894738700
ES,^IBEX,2022-02,-0.015633317382336254,5219313000
ES,^IBEX,2022-03,-0.004029783503965259,6306474100
ES,^IBEX,2022-04,0.016336981709512973,3824235500
ES,^IBEX,2022-05,0.030663609212433097,4214537400
ES,^IBEX,2022-06,-0.08888335709595141,3867964300
ES,^IBEX,2022-07,0.007074819095239339,3983329600
ES,^IBEX,2022-08,-0.033676669724134474,2889518400
ES,^IBEX,2022-09,-0.06811833573156521,3929696800
ES,^IBEX,2022-10,0.07700581194131713,3431533600
ES,^IBEX,2022-11,0.049851947662218475,3725644100
ES,^IBEX,2022-12,-0.016164547104467436,3162620000
ES,^IBEX,2023-01,0.09331863200655982,3959571100
ES,^IBEX,2023-02,0.039139777308689554,3646627100
ES,^IBEX,2023-03,-0.01740514679652067,5333156500
ES,^IBEX,2023-04,0.0009202371613221429,2634827900
ES,^IBEX,2023-05,-0.02086322640972942,2756988200
ES,^IBEX,2023-06,0.05824678733963658,2759631900
ES,^IBEX,2023-07,0.005043032341712239,2600688800
ES,^IBEX,2023-08,-0.014163998619923956,2326804200
ES,^IBEX,2023-09,-0.008228714483714006,2580376900
ES,^IBEX,2023-10,-0.04453905228024354,3102133800
ES,^IBEX,2023-11,0.10924330884559047,3143781200
ES,^IBEX,2023-12,0.00435504271982584,2759297000
ES,^IBEX,2024-01,-0.0024182029741326486,2888565300
ES,^IBEX,2024-02,-0.00761001636885826,2969771000
ES,^IBEX,2024-03,0.10193909760923982,3552533900
ES,^IBEX,2024-04,-0.02008359890225938,3667426300
ES,^IBEX,2024-05,0.04217717189142127,3756262900
ES,^IBEX,2024-06,-0.033983769543672666,2615500900
ES,^IBEX,2024-07,0.011023007432217513,2416290000
ES,^IBEX,2024-08,0.029993068936397905,2135907400
ES,^IBEX,2024-09,0.040848956493271533,2357277900
ES,^IBEX,2024-10,-0.017384817426550292,2461036200
ES,^IBEX,2024-11,-0.0026850783677706187,2687846200
ES,^IBEX,2024-12,-0.003985132430866506,2070044300
ES,^IBEX,2025-01,0.06461131850597053,2489987800
ES,^IBEX,2025-02,0.07612881335395116,2823907500
ES,^IBEX,2025-03,-0.01600319716705666,3127846300
ES,^IBEX,2025-04,0.011535400924738731,3519691600
ES,^IBEX,2025-05,0.0630237965115068,2856313400
ES,^IBEX,2025-06,-0.011391484169015297,2351850100
ES,^IBEX,2025-07,0.028541232876628107,2531475800
ES,^IBEX,2025-08,0.03674115106275988,1894189600
ES,^IBEX,2025-09,0.035464815963681846,2168514900
ES,^IBEX,2025-10,0.035398306416771295,2351784400
