99xx_HTS,Mapped_HTS,Revision,Publication_Date
9915.04.11,0405.90.20,hts_2025_revision_1_csv,2025-02-05
9915.04.17,0405.90.20,hts_2025_revision_1_csv,2025-02-05
9915.04.17,2309.90.48,hts_2025_revision_1_csv,2025-02-05
9915.04.24,2309.90.28,hts_2025_revision_1_csv,2025-02-05
9915.04.24,2309.90.28,hts_2025_revision_1_csv,2025-02-05
9915.04.28,2309.90.48,hts_2025_revision_1_csv,2025-02-05
9915.04.31,0402.29.50,hts_2025_revision_1_csv,2025-02-05
9915.04.34,0402.99.90,hts_2025_revision_1_csv,2025-02-05
9915.04.35,0403.20.50,hts_2025_revision_1_csv,2025-02-05
9915.04.36,0403.90.95,hts_2025_revision_1_csv,2025-02-05
9915.04.37,0404.10.15,hts_2025_revision_1_csv,2025-02-05
9915.04.38,0404.90.50,hts_2025_revision_1_csv,2025-02-05
9915.04.39,0405.20.70,hts_2025_revision_1_csv,2025-02-05
9915.04.39,2106.90.66,hts_2025_revision_1_csv,2025-02-05
9915.04.41,1704.90.58,hts_2025_revision_1_csv,2025-02-05
9915.04.42,1806.20.26,hts_2025_revision_1_csv,2025-02-05
9915.04.42,1806.20.36,hts_2025_revision_1_csv,2025-02-05
9915.04.42,1806.32.06,hts_2025_revision_1_csv,2025-02-05
9915.04.42,1806.32.16,hts_2025_revision_1_csv,2025-02-05
9915.04.43,1806.20.28,hts_2025_revision_1_csv,2025-02-05
9915.04.43,1806.20.38,hts_2025_revision_1_csv,2025-02-05
9915.04.43,1806.32.08,hts_2025_revision_1_csv,2025-02-05
9915.04.43,1806.32.18,hts_2025_revision_1_csv,2025-02-05
9915.04.44,1806.20.82,hts_2025_revision_1_csv,2025-02-05
9915.04.44,1806.20.87,hts_2025_revision_1_csv,2025-02-05
9915.04.45,1806.20.83,hts_2025_revision_1_csv,2025-02-05
9915.04.45,1806.20.89,hts_2025_revision_1_csv,2025-02-05
9915.04.46,1806.32.70,hts_2025_revision_1_csv,2025-02-05
9915.04.46,1806.90.08,hts_2025_revision_1_csv,2025-02-05
9915.04.46,1806.90.18,hts_2025_revision_1_csv,2025-02-05
9915.04.46,1806.90.28,hts_2025_revision_1_csv,2025-02-05
9915.04.47,1806.32.80,hts_2025_revision_1_csv,2025-02-05
9915.04.47,1806.90.10,hts_2025_revision_1_csv,2025-02-05
9915.04.47,1806.90.20,hts_2025_revision_1_csv,2025-02-05
9915.04.47,1806.90.30,hts_2025_revision_1_csv,2025-02-05
9915.04.48,1901.10.16,hts_2025_revision_1_csv,2025-02-05
9915.04.48,1901.10.26,hts_2025_revision_1_csv,2025-02-05
9915.04.48,1901.10.36,hts_2025_revision_1_csv,2025-02-05
9915.04.48,1901.10.44,hts_2025_revision_1_csv,2025-02-05
9915.04.49,1901.20.15,hts_2025_revision_1_csv,2025-02-05
9915.04.49,1901.20.50,hts_2025_revision_1_csv,2025-02-05
9915.04.50,1901.10.56,hts_2025_revision_1_csv,2025-02-05
9915.04.50,1901.10.66,hts_2025_revision_1_csv,2025-02-05
9915.04.50,1901.90.62,hts_2025_revision_1_csv,2025-02-05
9915.04.50,1901.90.65,hts_2025_revision_1_csv,2025-02-05
9915.04.51,2105.00.40,hts_2025_revision_1_csv,2025-02-05
9915.04.53,2106.90.87,hts_2025_revision_1_csv,2025-02-05
9915.04.54,2202.99.28,hts_2025_revision_1_csv,2025-02-05
9915.04.55,0402.29.50,hts_2025_revision_1_csv,2025-02-05
9915.04.58,0402.99.90,hts_2025_revision_1_csv,2025-02-05
9915.04.59,0403.20.50,hts_2025_revision_1_csv,2025-02-05
9915.04.60,0403.90.95,hts_2025_revision_1_csv,2025-02-05
9915.04.61,0404.10.15,hts_2025_revision_1_csv,2025-02-05
9915.04.62,0404.90.50,hts_2025_revision_1_csv,2025-02-05
9915.04.63,0405.20.70,hts_2025_revision_1_csv,2025-02-05
9915.04.63,2106.90.66,hts_2025_revision_1_csv,2025-02-05
9915.04.65,1704.90.58,hts_2025_revision_1_csv,2025-02-05
9915.04.66,1806.20.26,hts_2025_revision_1_csv,2025-02-05
9915.04.66,1806.20.36,hts_2025_revision_1_csv,2025-02-05
9915.04.66,1806.32.06,hts_2025_revision_1_csv,2025-02-05
9915.04.66,1806.32.16,hts_2025_revision_1_csv,2025-02-05
9915.04.67,1806.20.28,hts_2025_revision_1_csv,2025-02-05
9915.04.67,1806.20.38,hts_2025_revision_1_csv,2025-02-05
9915.04.67,1806.32.08,hts_2025_revision_1_csv,2025-02-05
9915.04.67,1806.32.18,hts_2025_revision_1_csv,2025-02-05
9915.04.68,1806.20.82,hts_2025_revision_1_csv,2025-02-05
9915.04.68,1806.20.87,hts_2025_revision_1_csv,2025-02-05
9915.04.69,1806.20.83,hts_2025_revision_1_csv,2025-02-05
9915.04.69,1806.20.89,hts_2025_revision_1_csv,2025-02-05
9915.04.70,1806.32.70,hts_2025_revision_1_csv,2025-02-05
9915.04.70,1806.90.08,hts_2025_revision_1_csv,2025-02-05
9915.04.70,1806.90.18,hts_2025_revision_1_csv,2025-02-05
9915.04.70,1806.90.28,hts_2025_revision_1_csv,2025-02-05
9915.04.71,1806.32.80,hts_2025_revision_1_csv,2025-02-05
9915.04.71,1806.90.10,hts_2025_revision_1_csv,2025-02-05
9915.04.71,1806.90.20,hts_2025_revision_1_csv,2025-02-05
9915.04.71,1806.90.30,hts_2025_revision_1_csv,2025-02-05
9915.04.72,1901.10.16,hts_2025_revision_1_csv,2025-02-05
9915.04.72,1901.10.26,hts_2025_revision_1_csv,2025-02-05
9915.04.72,1901.10.36,hts_2025_revision_1_csv,2025-02-05
9915.04.72,1901.10.44,hts_2025_revision_1_csv,2025-02-05
9915.04.73,1901.20.15,hts_2025_revision_1_csv,2025-02-05
9915.04.73,1901.20.50,hts_2025_revision_1_csv,2025-02-05
9915.04.74,1901.10.56,hts_2025_revision_1_csv,2025-02-05
9915.04.74,1901.10.66,hts_2025_revision_1_csv,2025-02-05
9915.04.74,1901.90.62,hts_2025_revision_1_csv,2025-02-05
9915.04.74,1901.90.65,hts_2025_revision_1_csv,2025-02-05
9915.04.75,2105.00.40,hts_2025_revision_1_csv,2025-02-05
9915.04.77,2106.90.87,hts_2025_revision_1_csv,2025-02-05
9915.04.78,2202.99.28,hts_2025_revision_1_csv,2025-02-05
9918.04.61,0402.29.50,hts_2025_revision_1_csv,2025-02-05
9918.04.62,0402.99.90,hts_2025_revision_1_csv,2025-02-05
9918.04.63,0403.20.50,hts_2025_revision_1_csv,2025-02-05
9918.04.64,0403.90.95,hts_2025_revision_1_csv,2025-02-05
9918.04.65,0404.10.15,hts_2025_revision_1_csv,2025-02-05
9918.04.66,0404.90.50,hts_2025_revision_1_csv,2025-02-05
9918.04.67,0405.20.70,hts_2025_revision_1_csv,2025-02-05
9918.04.67,2106.90.66,hts_2025_revision_1_csv,2025-02-05
9918.04.69,1704.90.58,hts_2025_revision_1_csv,2025-02-05
9918.04.70,1806.20.82,hts_2025_revision_1_csv,2025-02-05
9918.04.71,1806.20.83,hts_2025_revision_1_csv,2025-02-05
9918.04.72,1806.32.70,hts_2025_revision_1_csv,2025-02-05
9918.04.72,1806.90.08,hts_2025_revision_1_csv,2025-02-05
9918.04.73,1806.32.80,hts_2025_revision_1_csv,2025-02-05
9918.04.73,1806.90.10,hts_2025_revision_1_csv,2025-02-05
9918.04.74,1901.10.16,hts_2025_revision_1_csv,2025-02-05
9918.04.74,1901.10.26,hts_2025_revision_1_csv,2025-02-05
9918.04.74,1901.10.36,hts_2025_revision_1_csv,2025-02-05
9918.04.74,1901.10.44,hts_2025_revision_1_csv,2025-02-05
9918.04.75,1901.20.15,hts_2025_revision_1_csv,2025-02-05
9918.04.75,1901.20.50,hts_2025_revision_1_csv,2025-02-05
9918.04.76,1901.10.56,hts_2025_revision_1_csv,2025-02-05
9918.04.76,1901.10.66,hts_2025_revision_1_csv,2025-02-05
9918.04.76,1901.90.62,hts_2025_revision_1_csv,2025-02-05
9918.04.76,1901.90.65,hts_2025_revision_1_csv,2025-02-05
9918.04.77,2105.00.40,hts_2025_revision_1_csv,2025-02-05
9918.04.79,2106.90.87,hts_2025_revision_1_csv,2025-02-05
9918.04.80,2202.99.28,hts_2025_revision_1_csv,2025-02-05
9903.92.10,8426.19.00,hts_2024_revision_9_csv,2024-09-26
9903.94.05,4009.12.0020,hts_2025_revision_11_csv,2025-05-02
9903.94.05,4009.22.0020,hts_2025_revision_11_csv,2025-05-02
9903.94.05,4009.32.0020,hts_2025_revision_11_csv,2025-05-02
9903.94.05,4009.42.0020,hts_2025_revision_11_csv,2025-05-02
9903.94.05,4013.10.0010,hts_2025_revision_11_csv,2025-05-02
9903.94.05,4013.10.0020,hts_2025_revision_11_csv,2025-05-02
9903.94.05,4016.99.6010,hts_2025_revision_11_csv,2025-05-02
9903.94.05,8409.91.1040,hts_2025_revision_11_csv,2025-05-02
9903.94.05,8409.99.1040,hts_2025_revision_11_csv,2025-05-02
9903.94.05,8413.91.9010,hts_2025_revision_11_csv,2025-05-02
9903.94.05,8414.30.8030,hts_2025_revision_11_csv,2025-05-02
9903.94.05,8414.59.6540,hts_2025_revision_11_csv,2025-05-02
9903.94.05,8431.10.0090,hts_2025_revision_11_csv,2025-05-02
9903.94.05,8482.10.5044,hts_2025_revision_11_csv,2025-05-02
9903.94.05,8482.10.5048,hts_2025_revision_11_csv,2025-05-02
9903.94.05,8482.20.0020,hts_2025_revision_11_csv,2025-05-02
9903.94.05,8482.20.0030,hts_2025_revision_11_csv,2025-05-02
9903.94.05,8482.20.0040,hts_2025_revision_11_csv,2025-05-02
9903.94.05,8482.20.0061,hts_2025_revision_11_csv,2025-05-02
9903.94.05,8482.20.0070,hts_2025_revision_11_csv,2025-05-02
9903.94.05,8482.20.0081,hts_2025_revision_11_csv,2025-05-02
9903.94.05,8483.10.1030,hts_2025_revision_11_csv,2025-05-02
9903.94.05,8511.10.0000,hts_2025_revision_11_csv,2025-05-02
9903.94.05,8511.30.0040,hts_2025_revision_11_csv,2025-05-02
9903.94.05,8511.30.0080,hts_2025_revision_11_csv,2025-05-02
9903.94.05,8511.90.6020,hts_2025_revision_11_csv,2025-05-02
9903.94.05,8511.90.6040,hts_2025_revision_11_csv,2025-05-02
9903.94.05,8525.60.1010,hts_2025_revision_11_csv,2025-05-02
9903.94.05,8536.41.0005,hts_2025_revision_11_csv,2025-05-02
9903.94.05,8539.10.0010,hts_2025_revision_11_csv,2025-05-02
9903.94.05,8539.10.0050,hts_2025_revision_11_csv,2025-05-02
9903.94.05,8707.10.0020,hts_2025_revision_11_csv,2025-05-02
9903.94.05,8707.10.0040,hts_2025_revision_11_csv,2025-05-02
9903.94.05,8707.90.5020,hts_2025_revision_11_csv,2025-05-02
9903.94.05,8707.90.5040,hts_2025_revision_11_csv,2025-05-02
9903.94.05,8707.90.5060,hts_2025_revision_11_csv,2025-05-02
9903.94.05,8707.90.5080,hts_2025_revision_11_csv,2025-05-02
9903.94.05,9029.20.4080,hts_2025_revision_11_csv,2025-05-02
9903.85.15,6603.90.8100,hts_2025_revision_14_csv,2025-06-02
9903.85.15,8302.10.3000,hts_2025_revision_14_csv,2025-06-02
9903.85.15,8302.10.6030,hts_2025_revision_14_csv,2025-06-02
9903.85.15,8302.10.6060,hts_2025_revision_14_csv,2025-06-02
9903.85.15,8302.10.6090,hts_2025_revision_14_csv,2025-06-02
9903.85.15,8302.20.0000,hts_2025_revision_14_csv,2025-06-02
9903.85.15,8302.30.3010,hts_2025_revision_14_csv,2025-06-02
9903.85.15,8302.30.3060,hts_2025_revision_14_csv,2025-06-02
9903.85.15,8302.41.3000,hts_2025_revision_14_csv,2025-06-02
9903.85.15,8302.41.6015,hts_2025_revision_14_csv,2025-06-02
9903.85.15,8302.41.6045,hts_2025_revision_14_csv,2025-06-02
9903.85.15,8302.41.6050,hts_2025_revision_14_csv,2025-06-02
9903.85.15,8302.41.6080,hts_2025_revision_14_csv,2025-06-02
9903.85.15,8302.42.3010,hts_2025_revision_14_csv,2025-06-02
9903.85.15,8302.42.3015,hts_2025_revision_14_csv,2025-06-02
9903.85.15,8302.42.3065,hts_2025_revision_14_csv,2025-06-02
9903.85.15,8302.49.6035,hts_2025_revision_14_csv,2025-06-02
9903.85.15,8302.49.6045,hts_2025_revision_14_csv,2025-06-02
9903.85.15,8302.49.6055,hts_2025_revision_14_csv,2025-06-02
9903.85.15,8302.49.6085,hts_2025_revision_14_csv,2025-06-02
9903.85.15,8302.50.0000,hts_2025_revision_14_csv,2025-06-02
9903.85.15,8302.60.3000,hts_2025_revision_14_csv,2025-06-02
9903.85.15,8302.60.9000,hts_2025_revision_14_csv,2025-06-02
9903.85.15,8305.10.0050,hts_2025_revision_14_csv,2025-06-02
9903.85.15,8306.30.0000,hts_2025_revision_14_csv,2025-06-02
9903.85.15,8414.59.6590,hts_2025_revision_14_csv,2025-06-02
9903.85.15,8415.90.8025,hts_2025_revision_14_csv,2025-06-02
9903.85.15,8415.90.8045,hts_2025_revision_14_csv,2025-06-02
9903.85.15,8415.90.8085,hts_2025_revision_14_csv,2025-06-02
9903.85.15,8418.99.8005,hts_2025_revision_14_csv,2025-06-02
9903.85.15,8418.99.8050,hts_2025_revision_14_csv,2025-06-02
9903.85.15,8418.99.8060,hts_2025_revision_14_csv,2025-06-02
9903.85.15,8419.50.5000,hts_2025_revision_14_csv,2025-06-02
9903.85.15,8419.90.1000,hts_2025_revision_14_csv,2025-06-02
9903.85.15,8422.90.0640,hts_2025_revision_14_csv,2025-06-02
9903.85.15,8424.90.9080,hts_2025_revision_14_csv,2025-06-02
9903.85.15,8473.30.2000,hts_2025_revision_14_csv,2025-06-02
9903.85.15,8473.30.5100,hts_2025_revision_14_csv,2025-06-02
9903.85.15,8479.89.9599,hts_2025_revision_14_csv,2025-06-02
9903.85.15,8479.90.8500,hts_2025_revision_14_csv,2025-06-02
9903.85.15,8479.90.9596,hts_2025_revision_14_csv,2025-06-02
9903.85.15,8481.90.9060,hts_2025_revision_14_csv,2025-06-02
9903.85.15,8481.90.9085,hts_2025_revision_14_csv,2025-06-02
9903.85.15,8486.90.0000,hts_2025_revision_14_csv,2025-06-02
9903.85.15,8487.90.0080,hts_2025_revision_14_csv,2025-06-02
9903.85.15,8503.00.9520,hts_2025_revision_14_csv,2025-06-02
9903.85.15,8508.70.0000,hts_2025_revision_14_csv,2025-06-02
9903.85.15,8513.90.2000,hts_2025_revision_14_csv,2025-06-02
9903.85.15,8515.90.2000,hts_2025_revision_14_csv,2025-06-02
9903.85.15,8516.90.5000,hts_2025_revision_14_csv,2025-06-02
9903.85.15,8516.90.8050,hts_2025_revision_14_csv,2025-06-02
9903.85.15,8517.71.0000,hts_2025_revision_14_csv,2025-06-02
9903.85.15,8517.79.0000,hts_2025_revision_14_csv,2025-06-02
9903.85.15,8529.90.7300,hts_2025_revision_14_csv,2025-06-02
9903.85.15,8529.90.9760,hts_2025_revision_14_csv,2025-06-02
9903.85.15,8536.90.8585,hts_2025_revision_14_csv,2025-06-02
9903.85.15,8538.10.0000,hts_2025_revision_14_csv,2025-06-02
9903.85.15,8541.90.0000,hts_2025_revision_14_csv,2025-06-02
9903.85.15,8543.90.8885,hts_2025_revision_14_csv,2025-06-02
9903.85.15,8547.90.0020,hts_2025_revision_14_csv,2025-06-02
9903.85.15,8547.90.0030,hts_2025_revision_14_csv,2025-06-02
9903.85.15,8547.90.0040,hts_2025_revision_14_csv,2025-06-02
9903.85.15,8708.10.3050,hts_2025_revision_14_csv,2025-06-02
9903.85.15,8708.29.5160,hts_2025_revision_14_csv,2025-06-02
9903.85.15,8708.80.6590,hts_2025_revision_14_csv,2025-06-02
9903.85.15,8708.99.6890,hts_2025_revision_14_csv,2025-06-02
9903.85.15,8716.80.5010,hts_2025_revision_14_csv,2025-06-02
9903.85.15,8807.30.0060,hts_2025_revision_14_csv,2025-06-02
9903.85.15,9013.90.8000,hts_2025_revision_14_csv,2025-06-02
9903.85.15,9031.90.9195,hts_2025_revision_14_csv,2025-06-02
9903.85.15,9401.99.9081,hts_2025_revision_14_csv,2025-06-02
9903.85.15,9403.99.1040,hts_2025_revision_14_csv,2025-06-02
9903.85.15,9403.99.9010,hts_2025_revision_14_csv,2025-06-02
9903.85.15,9403.99.9015,hts_2025_revision_14_csv,2025-06-02
9903.85.15,9403.99.9020,hts_2025_revision_14_csv,2025-06-02
9903.85.15,9403.99.9040,hts_2025_revision_14_csv,2025-06-02
9903.85.15,9403.99.9045,hts_2025_revision_14_csv,2025-06-02
9903.85.15,9405.99.4020,hts_2025_revision_14_csv,2025-06-02
9903.85.15,9506.11.4080,hts_2025_revision_14_csv,2025-06-02
9903.85.15,9506.51.4000,hts_2025_revision_14_csv,2025-06-02
9903.85.15,9506.51.6000,hts_2025_revision_14_csv,2025-06-02
9903.85.15,9506.59.4040,hts_2025_revision_14_csv,2025-06-02
9903.85.15,9506.70.2090,hts_2025_revision_14_csv,2025-06-02
9903.85.15,9506.91.0010,hts_2025_revision_14_csv,2025-06-02
9903.85.15,9506.91.0020,hts_2025_revision_14_csv,2025-06-02
9903.85.15,9506.91.0030,hts_2025_revision_14_csv,2025-06-02
9903.85.15,9506.99.0510,hts_2025_revision_14_csv,2025-06-02
9903.85.15,9506.99.0520,hts_2025_revision_14_csv,2025-06-02
9903.85.15,9506.99.0530,hts_2025_revision_14_csv,2025-06-02
9903.85.15,9506.99.1500,hts_2025_revision_14_csv,2025-06-02
9903.85.15,9506.99.2000,hts_2025_revision_14_csv,2025-06-02
9903.85.15,9506.99.2580,hts_2025_revision_14_csv,2025-06-02
9903.85.15,9506.99.2800,hts_2025_revision_14_csv,2025-06-02
9903.85.15,9506.99.5500,hts_2025_revision_14_csv,2025-06-02
9903.85.15,9506.99.6080,hts_2025_revision_14_csv,2025-06-02
9903.85.15,9507.30.2000,hts_2025_revision_14_csv,2025-06-02
9903.85.15,9507.30.4000,hts_2025_revision_14_csv,2025-06-02
9903.85.15,9507.30.6000,hts_2025_revision_14_csv,2025-06-02
9903.85.15,9507.30.8000,hts_2025_revision_14_csv,2025-06-02
9903.85.15,9507.90.6000,hts_2025_revision_14_csv,2025-06-02
9903.81.87,7208,hts_2025_revision_14_csv,2025-06-02
9903.81.87,7209,hts_2025_revision_14_csv,2025-06-02
9903.81.87,7210,hts_2025_revision_14_csv,2025-06-02
9903.81.87,7211,hts_2025_revision_14_csv,2025-06-02
9903.81.87,7212,hts_2025_revision_14_csv,2025-06-02
9903.81.87,7225,hts_2025_revision_14_csv,2025-06-02
9903.81.87,7226,hts_2025_revision_14_csv,2025-06-02
9903.81.87,7213,hts_2025_revision_14_csv,2025-06-02
9903.81.87,7214,hts_2025_revision_14_csv,2025-06-02
9903.81.87,7215,hts_2025_revision_14_csv,2025-06-02
9903.81.87,7227,hts_2025_revision_14_csv,2025-06-02
9903.81.87,7228,hts_2025_revision_14_csv,2025-06-02
9903.81.87,7216,hts_2025_revision_14_csv,2025-06-02
9903.81.87,7216.61.00,hts_2025_revision_14_csv,2025-06-02
9903.81.87,7216.69.00,hts_2025_revision_14_csv,2025-06-02
9903.81.87,7216.91.00,hts_2025_revision_14_csv,2025-06-02
9903.81.87,7217,hts_2025_revision_14_csv,2025-06-02
9903.81.87,7229,hts_2025_revision_14_csv,2025-06-02
9903.81.87,7301.10.00,hts_2025_revision_14_csv,2025-06-02
9903.81.87,7302.10,hts_2025_revision_14_csv,2025-06-02
9903.81.87,7302.40.00,hts_2025_revision_14_csv,2025-06-02
9903.81.87,7302.90.00,hts_2025_revision_14_csv,2025-06-02
9903.81.87,7304,hts_2025_revision_14_csv,2025-06-02
9903.81.87,7306,hts_2025_revision_14_csv,2025-06-02
9903.81.87,7305,hts_2025_revision_14_csv,2025-06-02
9903.81.87,7206,hts_2025_revision_14_csv,2025-06-02
9903.81.87,7207,hts_2025_revision_14_csv,2025-06-02
9903.81.87,7224,hts_2025_revision_14_csv,2025-06-02
9903.81.87,7218,hts_2025_revision_14_csv,2025-06-02
9903.81.87,7219,hts_2025_revision_14_csv,2025-06-02
9903.81.87,7220,hts_2025_revision_14_csv,2025-06-02
9903.81.87,7221,hts_2025_revision_14_csv,2025-06-02
9903.81.87,7222,hts_2025_revision_14_csv,2025-06-02
9903.81.87,7223,hts_2025_revision_14_csv,2025-06-02
9903.81.89,7317.00.30,hts_2025_revision_14_csv,2025-06-02
9903.81.89,7317.00.5503,hts_2025_revision_14_csv,2025-06-02
9903.81.89,7317.00.5505,hts_2025_revision_14_csv,2025-06-02
9903.81.89,7317.00.5507,hts_2025_revision_14_csv,2025-06-02
9903.81.89,7317.00.5560,hts_2025_revision_14_csv,2025-06-02
9903.81.89,7317.00.5580,hts_2025_revision_14_csv,2025-06-02
9903.81.89,7317.00.6560,hts_2025_revision_14_csv,2025-06-02
9903.81.89,8701,hts_2025_revision_14_csv,2025-06-02
9903.81.89,8702,hts_2025_revision_14_csv,2025-06-02
9903.81.89,8703,hts_2025_revision_14_csv,2025-06-02
9903.81.89,8704,hts_2025_revision_14_csv,2025-06-02
9903.81.89,8705,hts_2025_revision_14_csv,2025-06-02
9903.81.89,8708.29.21,hts_2025_revision_14_csv,2025-06-02
9903.81.90,7301.20.10,hts_2025_revision_14_csv,2025-06-02
9903.81.90,7301.20.50,hts_2025_revision_14_csv,2025-06-02
9903.81.90,7302.30.00,hts_2025_revision_14_csv,2025-06-02
9903.81.90,7307.21.10,hts_2025_revision_14_csv,2025-06-02
9903.81.90,7307.21.50,hts_2025_revision_14_csv,2025-06-02
9903.81.90,7307.22.10,hts_2025_revision_14_csv,2025-06-02
9903.81.90,7307.22.50,hts_2025_revision_14_csv,2025-06-02
9903.81.90,7307.23.00,hts_2025_revision_14_csv,2025-06-02
9903.81.90,7307.29.00,hts_2025_revision_14_csv,2025-06-02
9903.81.90,7307.91.10,hts_2025_revision_14_csv,2025-06-02
9903.81.90,7307.91.30,hts_2025_revision_14_csv,2025-06-02
9903.81.90,7307.91.50,hts_2025_revision_14_csv,2025-06-02
9903.81.90,7307.92.30,hts_2025_revision_14_csv,2025-06-02
9903.81.90,7307.92.90,hts_2025_revision_14_csv,2025-06-02
9903.81.90,7307.93.30,hts_2025_revision_14_csv,2025-06-02
9903.81.90,7307.93.60,hts_2025_revision_14_csv,2025-06-02
9903.81.90,7307.93.90,hts_2025_revision_14_csv,2025-06-02
9903.81.90,7307.99.10,hts_2025_revision_14_csv,2025-06-02
9903.81.90,7307.99.30,hts_2025_revision_14_csv,2025-06-02
9903.81.90,7307.99.50,hts_2025_revision_14_csv,2025-06-02
9903.81.90,7308.10.00,hts_2025_revision_14_csv,2025-06-02
9903.81.90,7308.20.00,hts_2025_revision_14_csv,2025-06-02
9903.81.90,7308.30.10,hts_2025_revision_14_csv,2025-06-02
9903.81.90,7308.30.50,hts_2025_revision_14_csv,2025-06-02
9903.81.90,7308.40.00,hts_2025_revision_14_csv,2025-06-02
9903.81.90,7308.90.30,hts_2025_revision_14_csv,2025-06-02
9903.81.90,7308.90.60,hts_2025_revision_14_csv,2025-06-02
9903.81.90,7308.90.70,hts_2025_revision_14_csv,2025-06-02
9903.81.90,7308.90.95,hts_2025_revision_14_csv,2025-06-02
9903.81.90,7309.00.00,hts_2025_revision_14_csv,2025-06-02
9903.81.90,7310.10.00,hts_2025_revision_14_csv,2025-06-02
9903.81.90,7310.21.00,hts_2025_revision_14_csv,2025-06-02
9903.81.90,7310.29.00,hts_2025_revision_14_csv,2025-06-02
9903.81.90,7311.00.00,hts_2025_revision_14_csv,2025-06-02
9903.81.90,7312.10.05,hts_2025_revision_14_csv,2025-06-02
9903.81.90,7312.10.10,hts_2025_revision_14_csv,2025-06-02
9903.81.90,7312.10.20,hts_2025_revision_14_csv,2025-06-02
9903.81.90,7312.10.30,hts_2025_revision_14_csv,2025-06-02
9903.81.90,7312.10.50,hts_2025_revision_14_csv,2025-06-02
9903.81.90,7312.10.60,hts_2025_revision_14_csv,2025-06-02
9903.81.90,7312.10.70,hts_2025_revision_14_csv,2025-06-02
9903.81.90,7312.10.80,hts_2025_revision_14_csv,2025-06-02
9903.81.90,7312.10.90,hts_2025_revision_14_csv,2025-06-02
9903.81.90,7312.90.00,hts_2025_revision_14_csv,2025-06-02
9903.81.90,7313.00.00,hts_2025_revision_14_csv,2025-06-02
9903.81.90,7314.12.10,hts_2025_revision_14_csv,2025-06-02
9903.81.90,7314.12.20,hts_2025_revision_14_csv,2025-06-02
9903.81.90,7314.12.30,hts_2025_revision_14_csv,2025-06-02
9903.81.90,7314.12.60,hts_2025_revision_14_csv,2025-06-02
9903.81.90,7314.12.90,hts_2025_revision_14_csv,2025-06-02
9903.81.90,7314.14.10,hts_2025_revision_14_csv,2025-06-02
9903.81.90,7314.14.20,hts_2025_revision_14_csv,2025-06-02
9903.81.90,7314.14.30,hts_2025_revision_14_csv,2025-06-02
9903.81.90,7314.14.60,hts_2025_revision_14_csv,2025-06-02
9903.81.90,7314.14.90,hts_2025_revision_14_csv,2025-06-02
9903.81.90,7314.19.01,hts_2025_revision_14_csv,2025-06-02
9903.81.90,7314.20.00,hts_2025_revision_14_csv,2025-06-02
9903.81.90,7314.31.10,hts_2025_revision_14_csv,2025-06-02
9903.81.90,7314.31.50,hts_2025_revision_14_csv,2025-06-02
9903.81.90,7314.39.00,hts_2025_revision_14_csv,2025-06-02
9903.81.90,7314.41.00,hts_2025_revision_14_csv,2025-06-02
9903.81.90,7314.42.00,hts_2025_revision_14_csv,2025-06-02
9903.81.90,7314.49.30,hts_2025_revision_14_csv,2025-06-02
9903.81.90,7314.49.60,hts_2025_revision_14_csv,2025-06-02
9903.81.90,7314.50.00,hts_2025_revision_14_csv,2025-06-02
9903.81.90,7315.11.00,hts_2025_revision_14_csv,2025-06-02
9903.81.90,7315.12.00,hts_2025_revision_14_csv,2025-06-02
9903.81.90,7315.19.00,hts_2025_revision_14_csv,2025-06-02
9903.81.90,7315.20.10,hts_2025_revision_14_csv,2025-06-02
9903.81.90,7315.20.50,hts_2025_revision_14_csv,2025-06-02
9903.81.90,7315.81.00,hts_2025_revision_14_csv,2025-06-02
9903.81.90,7315.82.10,hts_2025_revision_14_csv,2025-06-02
9903.81.90,7315.82.30,hts_2025_revision_14_csv,2025-06-02
9903.81.90,7315.82.50,hts_2025_revision_14_csv,2025-06-02
9903.81.90,7315.82.70,hts_2025_revision_14_csv,2025-06-02
9903.81.90,7315.89.10,hts_2025_revision_14_csv,2025-06-02
9903.81.90,7315.89.30,hts_2025_revision_14_csv,2025-06-02
9903.81.90,7315.89.50,hts_2025_revision_14_csv,2025-06-02
9903.81.90,7315.90.00,hts_2025_revision_14_csv,2025-06-02
9903.81.90,7316.00.00,hts_2025_revision_14_csv,2025-06-02
9903.81.90,7317.00.10,hts_2025_revision_14_csv,2025-06-02
9903.81.90,7317.00.20,hts_2025_revision_14_csv,2025-06-02
9903.81.90,7317.00.55,hts_2025_revision_14_csv,2025-06-02
9903.81.90,7317.00.65,hts_2025_revision_14_csv,2025-06-02
9903.81.90,7317.00.75,hts_2025_revision_14_csv,2025-06-02
9903.81.90,7318.11.00,hts_2025_revision_14_csv,2025-06-02
9903.81.90,7318.12.00,hts_2025_revision_14_csv,2025-06-02
9903.81.90,7318.13.00,hts_2025_revision_14_csv,2025-06-02
9903.81.90,7318.14.10,hts_2025_revision_14_csv,2025-06-02
9903.81.90,7318.14.50,hts_2025_revision_14_csv,2025-06-02
9903.81.90,7318.15.20,hts_2025_revision_14_csv,2025-06-02
9903.81.90,7318.15.40,hts_2025_revision_14_csv,2025-06-02
9903.81.90,7318.15.50,hts_2025_revision_14_csv,2025-06-02
9903.81.90,7318.15.60,hts_2025_revision_14_csv,2025-06-02
9903.81.90,7318.15.80,hts_2025_revision_14_csv,2025-06-02
9903.81.90,7318.16.00,hts_2025_revision_14_csv,2025-06-02
9903.81.90,7318.19.00,hts_2025_revision_14_csv,2025-06-02
9903.81.90,7318.21.00,hts_2025_revision_14_csv,2025-06-02
9903.81.90,7318.22.00,hts_2025_revision_14_csv,2025-06-02
9903.81.90,7318.23.00,hts_2025_revision_14_csv,2025-06-02
9903.81.90,7318.24.00,hts_2025_revision_14_csv,2025-06-02
9903.81.90,7318.29.00,hts_2025_revision_14_csv,2025-06-02
9903.81.90,7319.40.20,hts_2025_revision_14_csv,2025-06-02
9903.81.90,7319.40.30,hts_2025_revision_14_csv,2025-06-02
9903.81.90,7319.40.50,hts_2025_revision_14_csv,2025-06-02
9903.81.90,7319.90.10,hts_2025_revision_14_csv,2025-06-02
9903.81.90,7319.90.90,hts_2025_revision_14_csv,2025-06-02
9903.81.90,7320.10.30,hts_2025_revision_14_csv,2025-06-02
9903.81.90,7320.10.60,hts_2025_revision_14_csv,2025-06-02
9903.81.90,7320.10.90,hts_2025_revision_14_csv,2025-06-02
9903.81.90,7320.20.10,hts_2025_revision_14_csv,2025-06-02
9903.81.90,7320.20.50,hts_2025_revision_14_csv,2025-06-02
9903.81.90,7320.90.10,hts_2025_revision_14_csv,2025-06-02
9903.81.90,7320.90.50,hts_2025_revision_14_csv,2025-06-02
9903.81.90,7321.11.10,hts_2025_revision_14_csv,2025-06-02
9903.81.90,7321.11.30,hts_2025_revision_14_csv,2025-06-02
9903.81.90,7321.11.60,hts_2025_revision_14_csv,2025-06-02
9903.81.90,7321.12.00,hts_2025_revision_14_csv,2025-06-02
9903.81.90,7321.19.00,hts_2025_revision_14_csv,2025-06-02
9903.81.90,7321.81.10,hts_2025_revision_14_csv,2025-06-02
9903.81.90,7321.81.50,hts_2025_revision_14_csv,2025-06-02
9903.81.90,7321.82.10,hts_2025_revision_14_csv,2025-06-02
9903.81.90,7321.82.50,hts_2025_revision_14_csv,2025-06-02
9903.81.90,7321.89.00,hts_2025_revision_14_csv,2025-06-02
9903.81.90,7321.90.10,hts_2025_revision_14_csv,2025-06-02
9903.81.90,7321.90.20,hts_2025_revision_14_csv,2025-06-02
9903.81.90,7321.90.40,hts_2025_revision_14_csv,2025-06-02
9903.81.90,7321.90.50,hts_2025_revision_14_csv,2025-06-02
9903.81.90,7321.90.60,hts_2025_revision_14_csv,2025-06-02
9903.81.90,7322.19.00,hts_2025_revision_14_csv,2025-06-02
9903.81.90,7322.90.00,hts_2025_revision_14_csv,2025-06-02
9903.81.90,7323.10.00,hts_2025_revision_14_csv,2025-06-02
9903.81.90,7323.93.00,hts_2025_revision_14_csv,2025-06-02
9903.81.90,7323.94.00,hts_2025_revision_14_csv,2025-06-02
9903.81.90,7323.99.10,hts_2025_revision_14_csv,2025-06-02
9903.81.90,7323.99.30,hts_2025_revision_14_csv,2025-06-02
9903.81.90,7323.99.50,hts_2025_revision_14_csv,2025-06-02
9903.81.90,7323.99.70,hts_2025_revision_14_csv,2025-06-02
9903.81.90,7323.99.90,hts_2025_revision_14_csv,2025-06-02
9903.81.90,7324.10.00,hts_2025_revision_14_csv,2025-06-02
9903.81.90,7324.29.00,hts_2025_revision_14_csv,2025-06-02
9903.81.90,7324.90.00,hts_2025_revision_14_csv,2025-06-02
9903.81.90,7325.91.00,hts_2025_revision_14_csv,2025-06-02
9903.81.90,7325.99.10,hts_2025_revision_14_csv,2025-06-02
9903.81.90,7325.99.50,hts_2025_revision_14_csv,2025-06-02
9903.81.90,7326.11.00,hts_2025_revision_14_csv,2025-06-02
9903.81.90,7326.19.00,hts_2025_revision_14_csv,2025-06-02
9903.81.90,7326.20.00,hts_2025_revision_14_csv,2025-06-02
9903.81.90,7326.90.10,hts_2025_revision_14_csv,2025-06-02
9903.81.90,7326.90.25,hts_2025_revision_14_csv,2025-06-02
9903.81.90,7326.90.35,hts_2025_revision_14_csv,2025-06-02
9903.81.90,7326.90.45,hts_2025_revision_14_csv,2025-06-02
9903.81.90,7326.90.60,hts_2025_revision_14_csv,2025-06-02
9903.81.90,7326.90.86,hts_2025_revision_14_csv,2025-06-02
9903.81.91,8431.31.00,hts_2025_revision_14_csv,2025-06-02
9903.81.91,8431.42.00,hts_2025_revision_14_csv,2025-06-02
9903.81.91,8431.49.10,hts_2025_revision_14_csv,2025-06-02
9903.81.91,8431.49.90,hts_2025_revision_14_csv,2025-06-02
9903.81.91,8432.10.00,hts_2025_revision_14_csv,2025-06-02
9903.81.91,8432.90.00,hts_2025_revision_14_csv,2025-06-02
9903.81.91,8547.90.00,hts_2025_revision_14_csv,2025-06-02
9903.81.91,9403.20.00,hts_2025_revision_14_csv,2025-06-02
9903.81.91,9405.99.20,hts_2025_revision_14_csv,2025-06-02
9903.81.91,9405.99.40,hts_2025_revision_14_csv,2025-06-02
9903.81.91,9406.20.00,hts_2025_revision_14_csv,2025-06-02
9903.81.91,9406.90.01,hts_2025_revision_14_csv,2025-06-02
9903.85.02,7601,hts_2025_revision_14_csv,2025-06-02
9903.85.02,7604,hts_2025_revision_14_csv,2025-06-02
9903.85.02,7605,hts_2025_revision_14_csv,2025-06-02
9903.85.02,7606,hts_2025_revision_14_csv,2025-06-02
9903.85.02,7607,hts_2025_revision_14_csv,2025-06-02
9903.85.02,7608,hts_2025_revision_14_csv,2025-06-02
9903.85.02,7609,hts_2025_revision_14_csv,2025-06-02
9903.85.02,7616.99.51,hts_2025_revision_14_csv,2025-06-02
9903.85.04,7614.10.50,hts_2025_revision_14_csv,2025-06-02
9903.85.04,7614.90.20,hts_2025_revision_14_csv,2025-06-02
9903.85.04,7614.90.40,hts_2025_revision_14_csv,2025-06-02
9903.85.04,7614.90.50,hts_2025_revision_14_csv,2025-06-02
9903.85.04,8708.10.30,hts_2025_revision_14_csv,2025-06-02
9903.85.04,8708.29.21,hts_2025_revision_14_csv,2025-06-02
9903.85.07,7615.10.2015,hts_2025_revision_14_csv,2025-06-02
9903.85.07,7615.10.2025,hts_2025_revision_14_csv,2025-06-02
9903.85.07,7615.10.3015,hts_2025_revision_14_csv,2025-06-02
9903.85.07,7615.10.3025,hts_2025_revision_14_csv,2025-06-02
9903.85.07,7615.10.5020,hts_2025_revision_14_csv,2025-06-02
9903.85.07,7615.10.5040,hts_2025_revision_14_csv,2025-06-02
9903.85.07,7615.10.7125,hts_2025_revision_14_csv,2025-06-02
9903.85.07,7615.10.7130,hts_2025_revision_14_csv,2025-06-02
9903.85.07,7615.10.7155,hts_2025_revision_14_csv,2025-06-02
9903.85.07,7615.10.7180,hts_2025_revision_14_csv,2025-06-02
9903.85.07,7615.10.9100,hts_2025_revision_14_csv,2025-06-02
9903.85.07,7615.20.0000,hts_2025_revision_14_csv,2025-06-02
9903.85.07,7616.10.9090,hts_2025_revision_14_csv,2025-06-02
9903.85.07,7616.99.1000,hts_2025_revision_14_csv,2025-06-02
9903.85.07,7616.99.5130,hts_2025_revision_14_csv,2025-06-02
9903.85.07,7616.99.5140,hts_2025_revision_14_csv,2025-06-02
9903.85.08,6603.90.8100,hts_2025_revision_14_csv,2025-06-02
9903.85.08,8302.10.3000,hts_2025_revision_14_csv,2025-06-02
9903.85.08,8302.10.6030,hts_2025_revision_14_csv,2025-06-02
9903.85.08,8302.10.6060,hts_2025_revision_14_csv,2025-06-02
9903.85.08,8302.10.6090,hts_2025_revision_14_csv,2025-06-02
9903.85.08,8302.20.0000,hts_2025_revision_14_csv,2025-06-02
9903.85.08,8302.30.3010,hts_2025_revision_14_csv,2025-06-02
9903.85.08,8302.30.3060,hts_2025_revision_14_csv,2025-06-02
9903.85.08,8302.41.3000,hts_2025_revision_14_csv,2025-06-02
9903.85.08,8302.41.6015,hts_2025_revision_14_csv,2025-06-02
9903.85.08,8302.41.6045,hts_2025_revision_14_csv,2025-06-02
9903.85.08,8302.41.6050,hts_2025_revision_14_csv,2025-06-02
9903.85.08,8302.41.6080,hts_2025_revision_14_csv,2025-06-02
9903.85.08,8302.42.3010,hts_2025_revision_14_csv,2025-06-02
9903.85.08,8302.42.3015,hts_2025_revision_14_csv,2025-06-02
9903.85.08,8302.42.3065,hts_2025_revision_14_csv,2025-06-02
9903.85.08,8302.49.6035,hts_2025_revision_14_csv,2025-06-02
9903.85.08,8302.49.6045,hts_2025_revision_14_csv,2025-06-02
9903.85.08,8302.49.6055,hts_2025_revision_14_csv,2025-06-02
9903.85.08,8302.49.6085,hts_2025_revision_14_csv,2025-06-02
9903.85.08,8302.50.0000,hts_2025_revision_14_csv,2025-06-02
9903.85.08,8302.60.3000,hts_2025_revision_14_csv,2025-06-02
9903.85.08,8302.60.9000,hts_2025_revision_14_csv,2025-06-02
9903.85.08,8305.10.0050,hts_2025_revision_14_csv,2025-06-02
9903.85.08,8306.30.0000,hts_2025_revision_14_csv,2025-06-02
9903.85.08,8414.59.6590,hts_2025_revision_14_csv,2025-06-02
9903.85.08,8415.90.8025,hts_2025_revision_14_csv,2025-06-02
9903.85.08,8415.90.8045,hts_2025_revision_14_csv,2025-06-02
9903.85.08,8415.90.8085,hts_2025_revision_14_csv,2025-06-02
9903.85.08,8418.99.8005,hts_2025_revision_14_csv,2025-06-02
9903.85.08,8418.99.8050,hts_2025_revision_14_csv,2025-06-02
9903.85.08,8418.99.8060,hts_2025_revision_14_csv,2025-06-02
9903.85.08,8419.50.5000,hts_2025_revision_14_csv,2025-06-02
9903.85.08,8419.90.1000,hts_2025_revision_14_csv,2025-06-02
9903.85.08,8422.90.0640,hts_2025_revision_14_csv,2025-06-02
9903.85.08,8424.90.9080,hts_2025_revision_14_csv,2025-06-02
9903.85.08,8473.30.2000,hts_2025_revision_14_csv,2025-06-02
9903.85.08,8473.30.5100,hts_2025_revision_14_csv,2025-06-02
9903.85.08,8479.89.9599,hts_2025_revision_14_csv,2025-06-02
9903.85.08,8479.90.8500,hts_2025_revision_14_csv,2025-06-02
9903.85.08,8479.90.9596,hts_2025_revision_14_csv,2025-06-02
9903.85.08,8481.90.9060,hts_2025_revision_14_csv,2025-06-02
9903.85.08,8481.90.9085,hts_2025_revision_14_csv,2025-06-02
9903.85.08,8486.90.0000,hts_2025_revision_14_csv,2025-06-02
9903.85.08,8487.90.0080,hts_2025_revision_14_csv,2025-06-02
9903.85.08,8503.00.9520,hts_2025_revision_14_csv,2025-06-02
9903.85.08,8508.70.0000,hts_2025_revision_14_csv,2025-06-02
9903.85.08,8513.90.2000,hts_2025_revision_14_csv,2025-06-02
9903.85.08,8515.90.2000,hts_2025_revision_14_csv,2025-06-02
9903.85.08,8516.90.5000,hts_2025_revision_14_csv,2025-06-02
9903.85.08,8516.90.8050,hts_2025_revision_14_csv,2025-06-02
9903.85.08,8517.71.0000,hts_2025_revision_14_csv,2025-06-02
9903.85.08,8517.79.0000,hts_2025_revision_14_csv,2025-06-02
9903.85.08,8529.90.7300,hts_2025_revision_14_csv,2025-06-02
9903.85.08,8529.90.9760,hts_2025_revision_14_csv,2025-06-02
9903.85.08,8536.90.8585,hts_2025_revision_14_csv,2025-06-02
9903.85.08,8538.10.0000,hts_2025_revision_14_csv,2025-06-02
9903.85.08,8541.90.0000,hts_2025_revision_14_csv,2025-06-02
9903.85.08,8543.90.8885,hts_2025_revision_14_csv,2025-06-02
9903.85.08,8547.90.0020,hts_2025_revision_14_csv,2025-06-02
9903.85.08,8547.90.0030,hts_2025_revision_14_csv,2025-06-02
9903.85.08,8547.90.0040,hts_2025_revision_14_csv,2025-06-02
9903.85.08,8708.10.3050,hts_2025_revision_14_csv,2025-06-02
9903.85.08,8708.29.5160,hts_2025_revision_14_csv,2025-06-02
9903.85.08,8708.80.6590,hts_2025_revision_14_csv,2025-06-02
9903.85.08,8708.99.6890,hts_2025_revision_14_csv,2025-06-02
9903.85.08,8716.80.5010,hts_2025_revision_14_csv,2025-06-02
9903.85.08,8807.30.0060,hts_2025_revision_14_csv,2025-06-02
9903.85.08,9013.90.8000,hts_2025_revision_14_csv,2025-06-02
9903.85.08,9031.90.9195,hts_2025_revision_14_csv,2025-06-02
9903.85.08,9401.99.9081,hts_2025_revision_14_csv,2025-06-02
9903.85.08,9403.99.1040,hts_2025_revision_14_csv,2025-06-02
9903.85.08,9403.99.9010,hts_2025_revision_14_csv,2025-06-02
9903.85.08,9403.99.9015,hts_2025_revision_14_csv,2025-06-02
9903.85.08,9403.99.9020,hts_2025_revision_14_csv,2025-06-02
9903.85.08,9403.99.9040,hts_2025_revision_14_csv,2025-06-02
9903.85.08,9403.99.9045,hts_2025_revision_14_csv,2025-06-02
9903.85.08,9405.99.4020,hts_2025_revision_14_csv,2025-06-02
9903.85.08,9506.11.4080,hts_2025_revision_14_csv,2025-06-02
9903.85.08,9506.51.4000,hts_2025_revision_14_csv,2025-06-02
9903.85.08,9506.51.6000,hts_2025_revision_14_csv,2025-06-02
9903.85.08,9506.59.4040,hts_2025_revision_14_csv,2025-06-02
9903.85.08,9506.70.2090,hts_2025_revision_14_csv,2025-06-02
9903.85.08,9506.91.0010,hts_2025_revision_14_csv,2025-06-02
9903.85.08,9506.91.0020,hts_2025_revision_14_csv,2025-06-02
9903.85.08,9506.91.0030,hts_2025_revision_14_csv,2025-06-02
9903.85.08,9506.99.0510,hts_2025_revision_14_csv,2025-06-02
9903.85.08,9506.99.0520,hts_2025_revision_14_csv,2025-06-02
9903.85.08,9506.99.0530,hts_2025_revision_14_csv,2025-06-02
9903.85.08,9506.99.1500,hts_2025_revision_14_csv,2025-06-02
9903.85.08,9506.99.2000,hts_2025_revision_14_csv,2025-06-02
9903.85.08,9506.99.2580,hts_2025_revision_14_csv,2025-06-02
9903.85.08,9506.99.2800,hts_2025_revision_14_csv,2025-06-02
9903.85.08,9506.99.5500,hts_2025_revision_14_csv,2025-06-02
9903.85.08,9506.99.6080,hts_2025_revision_14_csv,2025-06-02
9903.85.08,9507.30.2000,hts_2025_revision_14_csv,2025-06-02
9903.85.08,9507.30.4000,hts_2025_revision_14_csv,2025-06-02
9903.85.08,9507.30.6000,hts_2025_revision_14_csv,2025-06-02
9903.85.08,9507.30.8000,hts_2025_revision_14_csv,2025-06-02
9903.85.08,9507.90.6000,hts_2025_revision_14_csv,2025-06-02
9903.78.01,7407.10.15,hts_2025_revision_17_csv,2025-08-01
9903.78.01,7406.20.00,hts_2025_revision_17_csv,2025-08-01
9903.78.01,7406.10.00,hts_2025_revision_17_csv,2025-08-01
9903.78.01,7407.21.15,hts_2025_revision_17_csv,2025-08-01
9903.78.01,7407.10.50,hts_2025_revision_17_csv,2025-08-01
9903.78.01,7407.10.30,hts_2025_revision_17_csv,2025-08-01
9903.78.01,7407.21.70,hts_2025_revision_17_csv,2025-08-01
9903.78.01,7407.21.50,hts_2025_revision_17_csv,2025-08-01
9903.78.01,7407.21.30,hts_2025_revision_17_csv,2025-08-01
9903.78.01,7407.29.34,hts_2025_revision_17_csv,2025-08-01
9903.78.01,7407.29.16,hts_2025_revision_17_csv,2025-08-01
9903.78.01,7407.21.90,hts_2025_revision_17_csv,2025-08-01
9903.78.01,7407.29.50,hts_2025_revision_17_csv,2025-08-01
9903.78.01,7407.29.40,hts_2025_revision_17_csv,2025-08-01
9903.78.01,7407.29.38,hts_2025_revision_17_csv,2025-08-01
9903.78.01,7408.19.00,hts_2025_revision_17_csv,2025-08-01
9903.78.01,7408.11.60,hts_2025_revision_17_csv,2025-08-01
9903.78.01,7408.11.30,hts_2025_revision_17_csv,2025-08-01
9903.78.01,7408.22.50,hts_2025_revision_17_csv,2025-08-01
9903.78.01,7408.22.10,hts_2025_revision_17_csv,2025-08-01
9903.78.01,7408.21.00,hts_2025_revision_17_csv,2025-08-01
9903.78.01,7409.11.10,hts_2025_revision_17_csv,2025-08-01
9903.78.01,7408.29.50,hts_2025_revision_17_csv,2025-08-01
9903.78.01,7408.29.10,hts_2025_revision_17_csv,2025-08-01
9903.78.01,7409.19.50,hts_2025_revision_17_csv,2025-08-01
9903.78.01,7409.19.10,hts_2025_revision_17_csv,2025-08-01
9903.78.01,7409.11.50,hts_2025_revision_17_csv,2025-08-01
9903.78.01,7409.29.00,hts_2025_revision_17_csv,2025-08-01
9903.78.01,7409.21.00,hts_2025_revision_17_csv,2025-08-01
9903.78.01,7409.19.90,hts_2025_revision_17_csv,2025-08-01
9903.78.01,7409.31.90,hts_2025_revision_17_csv,2025-08-01
9903.78.01,7409.31.50,hts_2025_revision_17_csv,2025-08-01
9903.78.01,7409.31.10,hts_2025_revision_17_csv,2025-08-01
9903.78.01,7409.39.90,hts_2025_revision_17_csv,2025-08-01
9903.78.01,7409.39.50,hts_2025_revision_17_csv,2025-08-01
9903.78.01,7409.39.10,hts_2025_revision_17_csv,2025-08-01
9903.78.01,7409.90.50,hts_2025_revision_17_csv,2025-08-01
9903.78.01,7409.90.10,hts_2025_revision_17_csv,2025-08-01
9903.78.01,7409.40.00,hts_2025_revision_17_csv,2025-08-01
9903.78.01,7410.12.00,hts_2025_revision_17_csv,2025-08-01
9903.78.01,7410.11.00,hts_2025_revision_17_csv,2025-08-01
9903.78.01,7409.90.90,hts_2025_revision_17_csv,2025-08-01
9903.78.01,7410.22.00,hts_2025_revision_17_csv,2025-08-01
9903.78.01,7410.21.60,hts_2025_revision_17_csv,2025-08-01
9903.78.01,7410.21.30,hts_2025_revision_17_csv,2025-08-01
9903.78.01,7411.21.10,hts_2025_revision_17_csv,2025-08-01
9903.78.01,7411.10.50,hts_2025_revision_17_csv,2025-08-01
9903.78.01,7411.10.10,hts_2025_revision_17_csv,2025-08-01
9903.78.01,7411.29.10,hts_2025_revision_17_csv,2025-08-01
9903.78.01,7411.22.00,hts_2025_revision_17_csv,2025-08-01
9903.78.01,7411.21.50,hts_2025_revision_17_csv,2025-08-01
9903.78.01,7412.20.00,hts_2025_revision_17_csv,2025-08-01
9903.78.01,7412.10.00,hts_2025_revision_17_csv,2025-08-01
9903.78.01,7411.29.50,hts_2025_revision_17_csv,2025-08-01
9903.78.01,7413.00.90,hts_2025_revision_17_csv,2025-08-01
9903.78.01,7413.00.50,hts_2025_revision_17_csv,2025-08-01
9903.78.01,7413.00.10,hts_2025_revision_17_csv,2025-08-01
9903.78.01,7415.29.00,hts_2025_revision_17_csv,2025-08-01
9903.78.01,7415.21.00,hts_2025_revision_17_csv,2025-08-01
9903.78.01,7415.10.00,hts_2025_revision_17_csv,2025-08-01
9903.78.01,7415.33.80,hts_2025_revision_17_csv,2025-08-01
9903.78.01,7415.33.10,hts_2025_revision_17_csv,2025-08-01
9903.78.01,7415.33.05,hts_2025_revision_17_csv,2025-08-01
9903.78.01,7418.20.10,hts_2025_revision_17_csv,2025-08-01
9903.78.01,7418.10.00,hts_2025_revision_17_csv,2025-08-01
9903.78.01,7415.39.00,hts_2025_revision_17_csv,2025-08-01
9903.78.01,7419.80.03,hts_2025_revision_17_csv,2025-08-01
9903.78.01,7419.20.00,hts_2025_revision_17_csv,2025-08-01
9903.78.01,7418.20.50,hts_2025_revision_17_csv,2025-08-01
9903.78.01,7419.80.15,hts_2025_revision_17_csv,2025-08-01
9903.78.01,7419.80.09,hts_2025_revision_17_csv,2025-08-01
9903.78.01,7419.80.06,hts_2025_revision_17_csv,2025-08-01
9903.78.01,7419.80.30,hts_2025_revision_17_csv,2025-08-01
9903.78.01,7419.80.17,hts_2025_revision_17_csv,2025-08-01
9903.78.01,7419.80.16,hts_2025_revision_17_csv,2025-08-01
9903.78.01,8544.42.20,hts_2025_revision_17_csv,2025-08-01
9903.78.01,8544.42.10,hts_2025_revision_17_csv,2025-08-01
9903.78.01,7419.80.50,hts_2025_revision_17_csv,2025-08-01
9903.78.01,8544.49.10,hts_2025_revision_17_csv,2025-08-01
9903.78.01,8544.42.90,hts_2025_revision_17_csv,2025-08-01
9903.94.51,8703.22.01,hts_2025_revision_24_csv,2025-09-25
9903.94.51,8703.23.01,hts_2025_revision_24_csv,2025-09-25
9903.94.51,8703.24.01,hts_2025_revision_24_csv,2025-09-25
9903.94.51,8703.31.01,hts_2025_revision_24_csv,2025-09-25
9903.94.51,8703.32.01,hts_2025_revision_24_csv,2025-09-25
9903.94.51,8703.33.01,hts_2025_revision_24_csv,2025-09-25
9903.94.51,8703.40.00,hts_2025_revision_24_csv,2025-09-25
9903.94.51,8703.50.00,hts_2025_revision_24_csv,2025-09-25
9903.94.51,8703.60.00,hts_2025_revision_24_csv,2025-09-25
9903.94.51,8703.70.00,hts_2025_revision_24_csv,2025-09-25
9903.94.51,8703.80.00,hts_2025_revision_24_csv,2025-09-25
9903.94.51,8703.90.01,hts_2025_revision_24_csv,2025-09-25
9903.94.51,8704.21.01,hts_2025_revision_24_csv,2025-09-25
9903.94.51,8704.31.01,hts_2025_revision_24_csv,2025-09-25
9903.94.51,8704.41.00,hts_2025_revision_24_csv,2025-09-25
9903.94.51,8704.51.00,hts_2025_revision_24_csv,2025-09-25
9903.94.51,8704.60.00,hts_2025_revision_24_csv,2025-09-25
9903.94.53,4009.12.0020,hts_2025_revision_24_csv,2025-09-25
9903.94.53,4009.22.0020,hts_2025_revision_24_csv,2025-09-25
9903.94.53,4009.32.0020,hts_2025_revision_24_csv,2025-09-25
9903.94.53,4009.42.0020,hts_2025_revision_24_csv,2025-09-25
9903.94.53,4011.10.10,hts_2025_revision_24_csv,2025-09-25
9903.94.53,4011.10.50,hts_2025_revision_24_csv,2025-09-25
9903.94.53,4011.20.10,hts_2025_revision_24_csv,2025-09-25
9903.94.53,4012.19.40,hts_2025_revision_24_csv,2025-09-25
9903.94.53,4012.19.80,hts_2025_revision_24_csv,2025-09-25
9903.94.53,4012.20.60,hts_2025_revision_24_csv,2025-09-25
9903.94.53,4013.10.0010,hts_2025_revision_24_csv,2025-09-25
9903.94.53,4013.10.0020,hts_2025_revision_24_csv,2025-09-25
9903.94.53,4016.99.6010,hts_2025_revision_24_csv,2025-09-25
9903.94.53,7007.21.51,hts_2025_revision_24_csv,2025-09-25
9903.94.53,7009.10.00,hts_2025_revision_24_csv,2025-09-25
9903.94.53,7320.10,hts_2025_revision_24_csv,2025-09-25
9903.94.53,7320.20.10,hts_2025_revision_24_csv,2025-09-25
9903.94.53,8301.20.00,hts_2025_revision_24_csv,2025-09-25
9903.94.53,8302.10.30,hts_2025_revision_24_csv,2025-09-25
9903.94.53,8302.30,hts_2025_revision_24_csv,2025-09-25
9903.94.53,8407.31.00,hts_2025_revision_24_csv,2025-09-25
9903.94.53,8407.32,hts_2025_revision_24_csv,2025-09-25
9903.94.53,8407.33,hts_2025_revision_24_csv,2025-09-25
9903.94.53,8407.34,hts_2025_revision_24_csv,2025-09-25
9903.94.53,8408.20.20,hts_2025_revision_24_csv,2025-09-25
9903.94.53,8409.91.1040,hts_2025_revision_24_csv,2025-09-25
9903.94.53,8409.99.1040,hts_2025_revision_24_csv,2025-09-25
9903.94.53,8413.30.10,hts_2025_revision_24_csv,2025-09-25
9903.94.53,8413.30.90,hts_2025_revision_24_csv,2025-09-25
9903.94.53,8413.91.10,hts_2025_revision_24_csv,2025-09-25
9903.94.53,8413.91.9010,hts_2025_revision_24_csv,2025-09-25
9903.94.53,8414.30.8030,hts_2025_revision_24_csv,2025-09-25
9903.94.53,8414.59.30,hts_2025_revision_24_csv,2025-09-25
9903.94.53,8414.59.6540,hts_2025_revision_24_csv,2025-09-25
9903.94.53,8414.80.05,hts_2025_revision_24_csv,2025-09-25
9903.94.53,8415.20.00,hts_2025_revision_24_csv,2025-09-25
9903.94.53,8421.23.00,hts_2025_revision_24_csv,2025-09-25
9903.94.53,8421.32.00,hts_2025_revision_24_csv,2025-09-25
9903.94.53,8425.49.00,hts_2025_revision_24_csv,2025-09-25
9903.94.53,8426.91.00,hts_2025_revision_24_csv,2025-09-25
9903.94.53,8431.10.0090,hts_2025_revision_24_csv,2025-09-25
9903.94.53,8471,hts_2025_revision_24_csv,2025-09-25
9903.94.53,8482.10.10,hts_2025_revision_24_csv,2025-09-25
9903.94.53,8482.10.5044,hts_2025_revision_24_csv,2025-09-25
9903.94.53,8482.10.5048,hts_2025_revision_24_csv,2025-09-25
9903.94.53,8482.20.0020,hts_2025_revision_24_csv,2025-09-25
9903.94.53,8482.20.0030,hts_2025_revision_24_csv,2025-09-25
9903.94.53,8482.20.0040,hts_2025_revision_24_csv,2025-09-25
9903.94.53,8482.20.0061,hts_2025_revision_24_csv,2025-09-25
9903.94.53,8482.20.0070,hts_2025_revision_24_csv,2025-09-25
9903.94.53,8482.20.0081,hts_2025_revision_24_csv,2025-09-25
9903.94.53,8482.40.00,hts_2025_revision_24_csv,2025-09-25
9903.94.53,8482.50.00,hts_2025_revision_24_csv,2025-09-25
9903.94.53,8483.10.1030,hts_2025_revision_24_csv,2025-09-25
9903.94.53,8483.10.30,hts_2025_revision_24_csv,2025-09-25
9903.94.53,8501.32,hts_2025_revision_24_csv,2025-09-25
9903.94.53,8501.33,hts_2025_revision_24_csv,2025-09-25
9903.94.53,8501.34,hts_2025_revision_24_csv,2025-09-25
9903.94.53,8501.40,hts_2025_revision_24_csv,2025-09-25
9903.94.53,8501.51,hts_2025_revision_24_csv,2025-09-25
9903.94.53,8501.52,hts_2025_revision_24_csv,2025-09-25
9903.94.53,8507.10,hts_2025_revision_24_csv,2025-09-25
9903.94.53,8507.60,hts_2025_revision_24_csv,2025-09-25
9903.94.53,8507.90.40,hts_2025_revision_24_csv,2025-09-25
9903.94.53,8507.90.80,hts_2025_revision_24_csv,2025-09-25
9903.94.53,8511.10.0000,hts_2025_revision_24_csv,2025-09-25
9903.94.53,8511.20.00,hts_2025_revision_24_csv,2025-09-25
9903.94.53,8511.30.0040,hts_2025_revision_24_csv,2025-09-25
9903.94.53,8511.30.0080,hts_2025_revision_24_csv,2025-09-25
9903.94.53,8511.40.00,hts_2025_revision_24_csv,2025-09-25
9903.94.53,8511.50.00,hts_2025_revision_24_csv,2025-09-25
9903.94.53,8511.80.20,hts_2025_revision_24_csv,2025-09-25
9903.94.53,8511.80.60,hts_2025_revision_24_csv,2025-09-25
9903.94.53,8511.90.6020,hts_2025_revision_24_csv,2025-09-25
9903.94.53,8511.90.6040,hts_2025_revision_24_csv,2025-09-25
9903.94.53,8512.20.20,hts_2025_revision_24_csv,2025-09-25
9903.94.53,8512.20.40,hts_2025_revision_24_csv,2025-09-25
9903.94.53,8512.30.00,hts_2025_revision_24_csv,2025-09-25
9903.94.53,8512.40.20,hts_2025_revision_24_csv,2025-09-25
9903.94.53,8512.40.40,hts_2025_revision_24_csv,2025-09-25
9903.94.53,8512.90.20,hts_2025_revision_24_csv,2025-09-25
9903.94.53,8512.90.60,hts_2025_revision_24_csv,2025-09-25
9903.94.53,8512.90.70,hts_2025_revision_24_csv,2025-09-25
9903.94.53,8519.81.20,hts_2025_revision_24_csv,2025-09-25
9903.94.53,8525.60.1010,hts_2025_revision_24_csv,2025-09-25
9903.94.53,8527.21,hts_2025_revision_24_csv,2025-09-25
9903.94.53,8527.29,hts_2025_revision_24_csv,2025-09-25
9903.94.53,8536.41.0005,hts_2025_revision_24_csv,2025-09-25
9903.94.53,8537.10,hts_2025_revision_24_csv,2025-09-25
9903.94.53,8537.20,hts_2025_revision_24_csv,2025-09-25
9903.94.53,8539.10.0010,hts_2025_revision_24_csv,2025-09-25
9903.94.53,8539.10.0050,hts_2025_revision_24_csv,2025-09-25
9903.94.53,8544.30.00,hts_2025_revision_24_csv,2025-09-25
9903.94.53,8706.00.03,hts_2025_revision_24_csv,2025-09-25
9903.94.53,8706.00.05,hts_2025_revision_24_csv,2025-09-25
9903.94.53,8706.00.15,hts_2025_revision_24_csv,2025-09-25
9903.94.53,8706.00.25,hts_2025_revision_24_csv,2025-09-25
9903.94.53,8707,hts_2025_revision_24_csv,2025-09-25
9903.94.53,8707.10.0020,hts_2025_revision_24_csv,2025-09-25
9903.94.53,8707.10.0040,hts_2025_revision_24_csv,2025-09-25
9903.94.53,8707.90.5020,hts_2025_revision_24_csv,2025-09-25
9903.94.53,8707.90.5040,hts_2025_revision_24_csv,2025-09-25
9903.94.53,8707.90.5060,hts_2025_revision_24_csv,2025-09-25
9903.94.53,8707.90.5080,hts_2025_revision_24_csv,2025-09-25
9903.94.53,8708.10.30,hts_2025_revision_24_csv,2025-09-25
9903.94.53,8708.10.60,hts_2025_revision_24_csv,2025-09-25
9903.94.53,8708.21.00,hts_2025_revision_24_csv,2025-09-25
9903.94.53,8708.22,hts_2025_revision_24_csv,2025-09-25
9903.94.53,8708.29,hts_2025_revision_24_csv,2025-09-25
9903.94.53,8708.30,hts_2025_revision_24_csv,2025-09-25
9903.94.53,8708.40.11,hts_2025_revision_24_csv,2025-09-25
9903.94.53,8708.40.70,hts_2025_revision_24_csv,2025-09-25
9903.94.53,8708.40.75,hts_2025_revision_24_csv,2025-09-25
9903.94.53,8708.50,hts_2025_revision_24_csv,2025-09-25
9903.94.53,8708.70,hts_2025_revision_24_csv,2025-09-25
9903.94.53,8708.80,hts_2025_revision_24_csv,2025-09-25
9903.94.53,8708.91,hts_2025_revision_24_csv,2025-09-25
9903.94.53,8708.93.60,hts_2025_revision_24_csv,2025-09-25
9903.94.53,8708.93.75,hts_2025_revision_24_csv,2025-09-25
9903.94.53,8708.94,hts_2025_revision_24_csv,2025-09-25
9903.94.53,8708.95,hts_2025_revision_24_csv,2025-09-25
9903.94.53,8708.99.53,hts_2025_revision_24_csv,2025-09-25
9903.94.53,8708.99.55,hts_2025_revision_24_csv,2025-09-25
9903.94.53,8708.99.58,hts_2025_revision_24_csv,2025-09-25
9903.94.53,8708.99.68,hts_2025_revision_24_csv,2025-09-25
9903.94.53,8716.90.50,hts_2025_revision_24_csv,2025-09-25
9903.94.53,9015.10,hts_2025_revision_24_csv,2025-09-25
9903.94.53,9029.10,hts_2025_revision_24_csv,2025-09-25
9903.94.53,9029.20.4080,hts_2025_revision_24_csv,2025-09-25
9903.94.53,9401.20.00,hts_2025_revision_24_csv,2025-09-25
9903.76.01,7407.10.15,hts_2025_revision_25_csv,2025-10-13
9903.76.01,7406.20.00,hts_2025_revision_25_csv,2025-10-13
9903.76.01,7406.10.00,hts_2025_revision_25_csv,2025-10-13
9903.76.01,7407.21.15,hts_2025_revision_25_csv,2025-10-13
9903.76.01,7407.10.50,hts_2025_revision_25_csv,2025-10-13
9903.76.01,7407.10.30,hts_2025_revision_25_csv,2025-10-13
9903.76.01,7407.21.70,hts_2025_revision_25_csv,2025-10-13
9903.76.01,7407.21.50,hts_2025_revision_25_csv,2025-10-13
9903.76.01,7407.21.30,hts_2025_revision_25_csv,2025-10-13
9903.76.01,7407.29.34,hts_2025_revision_25_csv,2025-10-13
9903.76.01,7407.29.16,hts_2025_revision_25_csv,2025-10-13
9903.76.01,7407.21.90,hts_2025_revision_25_csv,2025-10-13
9903.76.01,7407.29.50,hts_2025_revision_25_csv,2025-10-13
9903.76.01,7407.29.40,hts_2025_revision_25_csv,2025-10-13
9903.76.01,7407.29.38,hts_2025_revision_25_csv,2025-10-13
9903.76.01,7408.19.00,hts_2025_revision_25_csv,2025-10-13
9903.76.01,7408.11.60,hts_2025_revision_25_csv,2025-10-13
9903.76.01,7408.11.30,hts_2025_revision_25_csv,2025-10-13
9903.76.01,7408.22.50,hts_2025_revision_25_csv,2025-10-13
9903.76.01,7408.22.10,hts_2025_revision_25_csv,2025-10-13
9903.76.01,7408.21.00,hts_2025_revision_25_csv,2025-10-13
9903.76.01,7409.11.10,hts_2025_revision_25_csv,2025-10-13
9903.76.01,7408.29.50,hts_2025_revision_25_csv,2025-10-13
9903.76.01,7408.29.10,hts_2025_revision_25_csv,2025-10-13
9903.76.01,7409.19.50,hts_2025_revision_25_csv,2025-10-13
9903.76.01,7409.19.10,hts_2025_revision_25_csv,2025-10-13
9903.76.01,7409.11.50,hts_2025_revision_25_csv,2025-10-13
9903.76.01,7409.29.00,hts_2025_revision_25_csv,2025-10-13
9903.76.01,7409.21.00,hts_2025_revision_25_csv,2025-10-13
9903.76.01,7409.19.90,hts_2025_revision_25_csv,2025-10-13
9903.76.01,7409.31.90,hts_2025_revision_25_csv,2025-10-13
9903.76.01,7409.31.50,hts_2025_revision_25_csv,2025-10-13
9903.76.01,7409.31.10,hts_2025_revision_25_csv,2025-10-13
9903.76.01,7409.39.90,hts_2025_revision_25_csv,2025-10-13
9903.76.01,7409.39.50,hts_2025_revision_25_csv,2025-10-13
9903.76.01,7409.39.10,hts_2025_revision_25_csv,2025-10-13
9903.76.01,7409.90.50,hts_2025_revision_25_csv,2025-10-13
9903.76.01,7409.90.10,hts_2025_revision_25_csv,2025-10-13
9903.76.01,7409.40.00,hts_2025_revision_25_csv,2025-10-13
9903.76.01,7410.12.00,hts_2025_revision_25_csv,2025-10-13
9903.76.01,7410.11.00,hts_2025_revision_25_csv,2025-10-13
9903.76.01,7409.90.90,hts_2025_revision_25_csv,2025-10-13
9903.76.01,7410.22.00,hts_2025_revision_25_csv,2025-10-13
9903.76.01,7410.21.60,hts_2025_revision_25_csv,2025-10-13
9903.76.01,7410.21.30,hts_2025_revision_25_csv,2025-10-13
9903.76.01,7411.21.10,hts_2025_revision_25_csv,2025-10-13
9903.76.01,7411.10.50,hts_2025_revision_25_csv,2025-10-13
9903.76.01,7411.10.10,hts_2025_revision_25_csv,2025-10-13
9903.76.01,7411.29.10,hts_2025_revision_25_csv,2025-10-13
9903.76.01,7411.22.00,hts_2025_revision_25_csv,2025-10-13
9903.76.01,7411.21.50,hts_2025_revision_25_csv,2025-10-13
9903.76.01,7412.20.00,hts_2025_revision_25_csv,2025-10-13
9903.76.01,7412.10.00,hts_2025_revision_25_csv,2025-10-13
9903.76.01,7411.29.50,hts_2025_revision_25_csv,2025-10-13
9903.76.01,7413.00.90,hts_2025_revision_25_csv,2025-10-13
9903.76.01,7413.00.50,hts_2025_revision_25_csv,2025-10-13
9903.76.01,7413.00.10,hts_2025_revision_25_csv,2025-10-13
9903.76.01,7415.29.00,hts_2025_revision_25_csv,2025-10-13
9903.76.01,7415.21.00,hts_2025_revision_25_csv,2025-10-13
9903.76.01,7415.10.00,hts_2025_revision_25_csv,2025-10-13
9903.76.01,7415.33.80,hts_2025_revision_25_csv,2025-10-13
9903.76.01,7415.33.10,hts_2025_revision_25_csv,2025-10-13
9903.76.01,7415.33.05,hts_2025_revision_25_csv,2025-10-13
9903.76.01,7418.20.10,hts_2025_revision_25_csv,2025-10-13
9903.76.01,7418.10.00,hts_2025_revision_25_csv,2025-10-13
9903.76.01,7415.39.00,hts_2025_revision_25_csv,2025-10-13
9903.76.01,7419.80.03,hts_2025_revision_25_csv,2025-10-13
9903.76.01,7419.20.00,hts_2025_revision_25_csv,2025-10-13
9903.76.01,7418.20.50,hts_2025_revision_25_csv,2025-10-13
9903.76.01,7419.80.15,hts_2025_revision_25_csv,2025-10-13
9903.76.01,7419.80.09,hts_2025_revision_25_csv,2025-10-13
9903.76.01,7419.80.06,hts_2025_revision_25_csv,2025-10-13
9903.76.01,7419.80.30,hts_2025_revision_25_csv,2025-10-13
9903.76.01,7419.80.17,hts_2025_revision_25_csv,2025-10-13
9903.76.01,7419.80.16,hts_2025_revision_25_csv,2025-10-13
9903.76.01,8544.42.20,hts_2025_revision_25_csv,2025-10-13
9903.76.01,8544.42.10,hts_2025_revision_25_csv,2025-10-13
9903.76.01,7419.80.50,hts_2025_revision_25_csv,2025-10-13
9903.76.01,8544.49.10,hts_2025_revision_25_csv,2025-10-13
9903.76.01,8544.42.90,hts_2025_revision_25_csv,2025-10-13
9903.76.02,9401.61.4011,hts_2025_revision_25_csv,2025-10-13
9903.76.02,9401.61.4031,hts_2025_revision_25_csv,2025-10-13
9903.76.02,9401.61.6011,hts_2025_revision_25_csv,2025-10-13
9903.76.02,9401.61.6031,hts_2025_revision_25_csv,2025-10-13
9903.76.03,9403.40.9060,hts_2025_revision_25_csv,2025-10-13
9903.76.03,9403.60.8093,hts_2025_revision_25_csv,2025-10-13
9903.76.03,9403.91.0080,hts_2025_revision_25_csv,2025-10-13
9903.76.22,9401.61.4011,hts_2025_revision_25_csv,2025-10-13
9903.76.22,9401.61.4031,hts_2025_revision_25_csv,2025-10-13
9903.76.22,9401.61.6011,hts_2025_revision_25_csv,2025-10-13
9903.76.22,9401.61.6031,hts_2025_revision_25_csv,2025-10-13
9903.76.22,9403.40.9060,hts_2025_revision_25_csv,2025-10-13
9903.76.22,9403.60.8093,hts_2025_revision_25_csv,2025-10-13
9903.76.22,9403.91.0080,hts_2025_revision_25_csv,2025-10-13
9903.81.87,7208,hts_2025_revision_4_csv,2025-03-11
9903.81.87,7209,hts_2025_revision_4_csv,2025-03-11
9903.81.87,7210,hts_2025_revision_4_csv,2025-03-11
9903.81.87,7211,hts_2025_revision_4_csv,2025-03-11
9903.81.87,7212,hts_2025_revision_4_csv,2025-03-11
9903.81.87,7225,hts_2025_revision_4_csv,2025-03-11
9903.81.87,7226,hts_2025_revision_4_csv,2025-03-11
9903.81.87,7213,hts_2025_revision_4_csv,2025-03-11
9903.81.87,7214,hts_2025_revision_4_csv,2025-03-11
9903.81.87,7215,hts_2025_revision_4_csv,2025-03-11
9903.81.87,7227,hts_2025_revision_4_csv,2025-03-11
9903.81.87,7228,hts_2025_revision_4_csv,2025-03-11
9903.81.87,7216,hts_2025_revision_4_csv,2025-03-11
9903.81.87,7216.61.00,hts_2025_revision_4_csv,2025-03-11
9903.81.87,7216.69.00,hts_2025_revision_4_csv,2025-03-11
9903.81.87,7216.91.00,hts_2025_revision_4_csv,2025-03-11
9903.81.87,7217,hts_2025_revision_4_csv,2025-03-11
9903.81.87,7229,hts_2025_revision_4_csv,2025-03-11
9903.81.87,7301.10.00,hts_2025_revision_4_csv,2025-03-11
9903.81.87,7302.10,hts_2025_revision_4_csv,2025-03-11
9903.81.87,7302.40.00,hts_2025_revision_4_csv,2025-03-11
9903.81.87,7302.90.00,hts_2025_revision_4_csv,2025-03-11
9903.81.87,7304,hts_2025_revision_4_csv,2025-03-11
9903.81.87,7306,hts_2025_revision_4_csv,2025-03-11
9903.81.87,7305,hts_2025_revision_4_csv,2025-03-11
9903.81.87,7206,hts_2025_revision_4_csv,2025-03-11
9903.81.87,7207,hts_2025_revision_4_csv,2025-03-11
9903.81.87,7224,hts_2025_revision_4_csv,2025-03-11
9903.81.87,7218,hts_2025_revision_4_csv,2025-03-11
9903.81.87,7219,hts_2025_revision_4_csv,2025-03-11
9903.81.87,7220,hts_2025_revision_4_csv,2025-03-11
9903.81.87,7221,hts_2025_revision_4_csv,2025-03-11
9903.81.87,7222,hts_2025_revision_4_csv,2025-03-11
9903.81.87,7223,hts_2025_revision_4_csv,2025-03-11
9903.81.88,7208,hts_2025_revision_4_csv,2025-03-11
9903.81.88,7209,hts_2025_revision_4_csv,2025-03-11
9903.81.88,7210,hts_2025_revision_4_csv,2025-03-11
9903.81.88,7211,hts_2025_revision_4_csv,2025-03-11
9903.81.88,7212,hts_2025_revision_4_csv,2025-03-11
9903.81.88,7225,hts_2025_revision_4_csv,2025-03-11
9903.81.88,7226,hts_2025_revision_4_csv,2025-03-11
9903.81.88,7213,hts_2025_revision_4_csv,2025-03-11
9903.81.88,7214,hts_2025_revision_4_csv,2025-03-11
9903.81.88,7215,hts_2025_revision_4_csv,2025-03-11
9903.81.88,7227,hts_2025_revision_4_csv,2025-03-11
9903.81.88,7228,hts_2025_revision_4_csv,2025-03-11
9903.81.88,7216,hts_2025_revision_4_csv,2025-03-11
9903.81.88,7216.61.00,hts_2025_revision_4_csv,2025-03-11
9903.81.88,7216.69.00,hts_2025_revision_4_csv,2025-03-11
9903.81.88,7216.91.00,hts_2025_revision_4_csv,2025-03-11
9903.81.88,7217,hts_2025_revision_4_csv,2025-03-11
9903.81.88,7229,hts_2025_revision_4_csv,2025-03-11
9903.81.88,7301.10.00,hts_2025_revision_4_csv,2025-03-11
9903.81.88,7302.10,hts_2025_revision_4_csv,2025-03-11
9903.81.88,7302.40.00,hts_2025_revision_4_csv,2025-03-11
9903.81.88,7302.90.00,hts_2025_revision_4_csv,2025-03-11
9903.81.88,7304,hts_2025_revision_4_csv,2025-03-11
9903.81.88,7306,hts_2025_revision_4_csv,2025-03-11
9903.81.88,7305,hts_2025_revision_4_csv,2025-03-11
9903.81.88,7206,hts_2025_revision_4_csv,2025-03-11
9903.81.88,7207,hts_2025_revision_4_csv,2025-03-11
9903.81.88,7224,hts_2025_revision_4_csv,2025-03-11
9903.81.88,7218,hts_2025_revision_4_csv,2025-03-11
9903.81.88,7219,hts_2025_revision_4_csv,2025-03-11
9903.81.88,7220,hts_2025_revision_4_csv,2025-03-11
9903.81.88,7221,hts_2025_revision_4_csv,2025-03-11
9903.81.88,7222,hts_2025_revision_4_csv,2025-03-11
9903.81.88,7223,hts_2025_revision_4_csv,2025-03-11
9903.81.89,7317.00.30,hts_2025_revision_4_csv,2025-03-11
9903.81.89,7317.00.5503,hts_2025_revision_4_csv,2025-03-11
9903.81.89,7317.00.5505,hts_2025_revision_4_csv,2025-03-11
9903.81.89,7317.00.5507,hts_2025_revision_4_csv,2025-03-11
9903.81.89,7317.00.5560,hts_2025_revision_4_csv,2025-03-11
9903.81.89,7317.00.5580,hts_2025_revision_4_csv,2025-03-11
9903.81.89,7317.00.6560,hts_2025_revision_4_csv,2025-03-11
9903.81.89,8708.10.30,hts_2025_revision_4_csv,2025-03-11
9903.81.89,8708.29.21,hts_2025_revision_4_csv,2025-03-11
9903.81.90,7301.20.10,hts_2025_revision_4_csv,2025-03-11
9903.81.90,7301.20.50,hts_2025_revision_4_csv,2025-03-11
9903.81.90,7302.30.00,hts_2025_revision_4_csv,2025-03-11
9903.81.90,7307.21.10,hts_2025_revision_4_csv,2025-03-11
9903.81.90,7307.21.50,hts_2025_revision_4_csv,2025-03-11
9903.81.90,7307.22.10,hts_2025_revision_4_csv,2025-03-11
9903.81.90,7307.22.50,hts_2025_revision_4_csv,2025-03-11
9903.81.90,7307.23.00,hts_2025_revision_4_csv,2025-03-11
9903.81.90,7307.29.00,hts_2025_revision_4_csv,2025-03-11
9903.81.90,7307.91.10,hts_2025_revision_4_csv,2025-03-11
9903.81.90,7307.91.30,hts_2025_revision_4_csv,2025-03-11
9903.81.90,7307.91.50,hts_2025_revision_4_csv,2025-03-11
9903.81.90,7307.92.30,hts_2025_revision_4_csv,2025-03-11
9903.81.90,7307.92.90,hts_2025_revision_4_csv,2025-03-11
9903.81.90,7307.93.30,hts_2025_revision_4_csv,2025-03-11
9903.81.90,7307.93.60,hts_2025_revision_4_csv,2025-03-11
9903.81.90,7307.93.90,hts_2025_revision_4_csv,2025-03-11
9903.81.90,7307.99.10,hts_2025_revision_4_csv,2025-03-11
9903.81.90,7307.99.30,hts_2025_revision_4_csv,2025-03-11
9903.81.90,7307.99.50,hts_2025_revision_4_csv,2025-03-11
9903.81.90,7308.10.00,hts_2025_revision_4_csv,2025-03-11
9903.81.90,7308.20.00,hts_2025_revision_4_csv,2025-03-11
9903.81.90,7308.30.10,hts_2025_revision_4_csv,2025-03-11
9903.81.90,7308.30.50,hts_2025_revision_4_csv,2025-03-11
9903.81.90,7308.40.00,hts_2025_revision_4_csv,2025-03-11
9903.81.90,7308.90.30,hts_2025_revision_4_csv,2025-03-11
9903.81.90,7308.90.60,hts_2025_revision_4_csv,2025-03-11
9903.81.90,7308.90.70,hts_2025_revision_4_csv,2025-03-11
9903.81.90,7308.90.95,hts_2025_revision_4_csv,2025-03-11
9903.81.90,7309.00.00,hts_2025_revision_4_csv,2025-03-11
9903.81.90,7310.10.00,hts_2025_revision_4_csv,2025-03-11
9903.81.90,7310.21.00,hts_2025_revision_4_csv,2025-03-11
9903.81.90,7310.29.00,hts_2025_revision_4_csv,2025-03-11
9903.81.90,7311.00.00,hts_2025_revision_4_csv,2025-03-11
9903.81.90,7312.10.05,hts_2025_revision_4_csv,2025-03-11
9903.81.90,7312.10.10,hts_2025_revision_4_csv,2025-03-11
9903.81.90,7312.10.20,hts_2025_revision_4_csv,2025-03-11
9903.81.90,7312.10.30,hts_2025_revision_4_csv,2025-03-11
9903.81.90,7312.10.50,hts_2025_revision_4_csv,2025-03-11
9903.81.90,7312.10.60,hts_2025_revision_4_csv,2025-03-11
9903.81.90,7312.10.70,hts_2025_revision_4_csv,2025-03-11
9903.81.90,7312.10.80,hts_2025_revision_4_csv,2025-03-11
9903.81.90,7312.10.90,hts_2025_revision_4_csv,2025-03-11
9903.81.90,7312.90.00,hts_2025_revision_4_csv,2025-03-11
9903.81.90,7313.00.00,hts_2025_revision_4_csv,2025-03-11
9903.81.90,7314.12.10,hts_2025_revision_4_csv,2025-03-11
9903.81.90,7314.12.20,hts_2025_revision_4_csv,2025-03-11
9903.81.90,7314.12.30,hts_2025_revision_4_csv,2025-03-11
9903.81.90,7314.12.60,hts_2025_revision_4_csv,2025-03-11
9903.81.90,7314.12.90,hts_2025_revision_4_csv,2025-03-11
9903.81.90,7314.14.10,hts_2025_revision_4_csv,2025-03-11
9903.81.90,7314.14.20,hts_2025_revision_4_csv,2025-03-11
9903.81.90,7314.14.30,hts_2025_revision_4_csv,2025-03-11
9903.81.90,7314.14.60,hts_2025_revision_4_csv,2025-03-11
9903.81.90,7314.14.90,hts_2025_revision_4_csv,2025-03-11
9903.81.90,7314.19.01,hts_2025_revision_4_csv,2025-03-11
9903.81.90,7314.20.00,hts_2025_revision_4_csv,2025-03-11
9903.81.90,7314.31.10,hts_2025_revision_4_csv,2025-03-11
9903.81.90,7314.31.50,hts_2025_revision_4_csv,2025-03-11
9903.81.90,7314.39.00,hts_2025_revision_4_csv,2025-03-11
9903.81.90,7314.41.00,hts_2025_revision_4_csv,2025-03-11
9903.81.90,7314.42.00,hts_2025_revision_4_csv,2025-03-11
9903.81.90,7314.49.30,hts_2025_revision_4_csv,2025-03-11
9903.81.90,7314.49.60,hts_2025_revision_4_csv,2025-03-11
9903.81.90,7314.50.00,hts_2025_revision_4_csv,2025-03-11
9903.81.90,7315.11.00,hts_2025_revision_4_csv,2025-03-11
9903.81.90,7315.12.00,hts_2025_revision_4_csv,2025-03-11
9903.81.90,7315.19.00,hts_2025_revision_4_csv,2025-03-11
9903.81.90,7315.20.10,hts_2025_revision_4_csv,2025-03-11
9903.81.90,7315.20.50,hts_2025_revision_4_csv,2025-03-11
9903.81.90,7315.81.00,hts_2025_revision_4_csv,2025-03-11
9903.81.90,7315.82.10,hts_2025_revision_4_csv,2025-03-11
9903.81.90,7315.82.30,hts_2025_revision_4_csv,2025-03-11
9903.81.90,7315.82.50,hts_2025_revision_4_csv,2025-03-11
9903.81.90,7315.82.70,hts_2025_revision_4_csv,2025-03-11
9903.81.90,7315.89.10,hts_2025_revision_4_csv,2025-03-11
9903.81.90,7315.89.30,hts_2025_revision_4_csv,2025-03-11
9903.81.90,7315.89.50,hts_2025_revision_4_csv,2025-03-11
9903.81.90,7315.90.00,hts_2025_revision_4_csv,2025-03-11
9903.81.90,7316.00.00,hts_2025_revision_4_csv,2025-03-11
9903.81.90,7317.00.10,hts_2025_revision_4_csv,2025-03-11
9903.81.90,7317.00.20,hts_2025_revision_4_csv,2025-03-11
9903.81.90,7317.00.55,hts_2025_revision_4_csv,2025-03-11
9903.81.90,7317.00.65,hts_2025_revision_4_csv,2025-03-11
9903.81.90,7317.00.75,hts_2025_revision_4_csv,2025-03-11
9903.81.90,7318.11.00,hts_2025_revision_4_csv,2025-03-11
9903.81.90,7318.12.00,hts_2025_revision_4_csv,2025-03-11
9903.81.90,7318.13.00,hts_2025_revision_4_csv,2025-03-11
9903.81.90,7318.14.10,hts_2025_revision_4_csv,2025-03-11
9903.81.90,7318.14.50,hts_2025_revision_4_csv,2025-03-11
9903.81.90,7318.15.20,hts_2025_revision_4_csv,2025-03-11
9903.81.90,7318.15.40,hts_2025_revision_4_csv,2025-03-11
9903.81.90,7318.15.50,hts_2025_revision_4_csv,2025-03-11
9903.81.90,7318.15.60,hts_2025_revision_4_csv,2025-03-11
9903.81.90,7318.15.80,hts_2025_revision_4_csv,2025-03-11
9903.81.90,7318.16.00,hts_2025_revision_4_csv,2025-03-11
9903.81.90,7318.19.00,hts_2025_revision_4_csv,2025-03-11
9903.81.90,7318.21.00,hts_2025_revision_4_csv,2025-03-11
9903.81.90,7318.22.00,hts_2025_revision_4_csv,2025-03-11
9903.81.90,7318.23.00,hts_2025_revision_4_csv,2025-03-11
9903.81.90,7318.24.00,hts_2025_revision_4_csv,2025-03-11
9903.81.90,7318.29.00,hts_2025_revision_4_csv,2025-03-11
9903.81.90,7319.40.20,hts_2025_revision_4_csv,2025-03-11
9903.81.90,7319.40.30,hts_2025_revision_4_csv,2025-03-11
9903.81.90,7319.40.50,hts_2025_revision_4_csv,2025-03-11
9903.81.90,7319.90.10,hts_2025_revision_4_csv,2025-03-11
9903.81.90,7319.90.90,hts_2025_revision_4_csv,2025-03-11
9903.81.90,7320.10.30,hts_2025_revision_4_csv,2025-03-11
9903.81.90,7320.10.60,hts_2025_revision_4_csv,2025-03-11
9903.81.90,7320.10.90,hts_2025_revision_4_csv,2025-03-11
9903.81.90,7320.20.10,hts_2025_revision_4_csv,2025-03-11
9903.81.90,7320.20.50,hts_2025_revision_4_csv,2025-03-11
9903.81.90,7320.90.10,hts_2025_revision_4_csv,2025-03-11
9903.81.90,7320.90.50,hts_2025_revision_4_csv,2025-03-11
9903.81.90,7321.11.10,hts_2025_revision_4_csv,2025-03-11
9903.81.90,7321.11.30,hts_2025_revision_4_csv,2025-03-11
9903.81.90,7321.11.60,hts_2025_revision_4_csv,2025-03-11
9903.81.90,7321.12.00,hts_2025_revision_4_csv,2025-03-11
9903.81.90,7321.19.00,hts_2025_revision_4_csv,2025-03-11
9903.81.90,7321.81.10,hts_2025_revision_4_csv,2025-03-11
9903.81.90,7321.81.50,hts_2025_revision_4_csv,2025-03-11
9903.81.90,7321.82.10,hts_2025_revision_4_csv,2025-03-11
9903.81.90,7321.82.50,hts_2025_revision_4_csv,2025-03-11
9903.81.90,7321.89.00,hts_2025_revision_4_csv,2025-03-11
9903.81.90,7321.90.10,hts_2025_revision_4_csv,2025-03-11
9903.81.90,7321.90.20,hts_2025_revision_4_csv,2025-03-11
9903.81.90,7321.90.40,hts_2025_revision_4_csv,2025-03-11
9903.81.90,7321.90.50,hts_2025_revision_4_csv,2025-03-11
9903.81.90,7321.90.60,hts_2025_revision_4_csv,2025-03-11
9903.81.90,7322.19.00,hts_2025_revision_4_csv,2025-03-11
9903.81.90,7322.90.00,hts_2025_revision_4_csv,2025-03-11
9903.81.90,7323.10.00,hts_2025_revision_4_csv,2025-03-11
9903.81.90,7323.93.00,hts_2025_revision_4_csv,2025-03-11
9903.81.90,7323.94.00,hts_2025_revision_4_csv,2025-03-11
9903.81.90,7323.99.10,hts_2025_revision_4_csv,2025-03-11
9903.81.90,7323.99.30,hts_2025_revision_4_csv,2025-03-11
9903.81.90,7323.99.50,hts_2025_revision_4_csv,2025-03-11
9903.81.90,7323.99.70,hts_2025_revision_4_csv,2025-03-11
9903.81.90,7323.99.90,hts_2025_revision_4_csv,2025-03-11
9903.81.90,7324.10.00,hts_2025_revision_4_csv,2025-03-11
9903.81.90,7324.29.00,hts_2025_revision_4_csv,2025-03-11
9903.81.90,7324.90.00,hts_2025_revision_4_csv,2025-03-11
9903.81.90,7325.91.00,hts_2025_revision_4_csv,2025-03-11
9903.81.90,7325.99.10,hts_2025_revision_4_csv,2025-03-11
9903.81.90,7325.99.50,hts_2025_revision_4_csv,2025-03-11
9903.81.90,7326.11.00,hts_2025_revision_4_csv,2025-03-11
9903.81.90,7326.19.00,hts_2025_revision_4_csv,2025-03-11
9903.81.90,7326.20.00,hts_2025_revision_4_csv,2025-03-11
9903.81.90,7326.90.10,hts_2025_revision_4_csv,2025-03-11
9903.81.90,7326.90.25,hts_2025_revision_4_csv,2025-03-11
9903.81.90,7326.90.35,hts_2025_revision_4_csv,2025-03-11
9903.81.90,7326.90.45,hts_2025_revision_4_csv,2025-03-11
9903.81.90,7326.90.60,hts_2025_revision_4_csv,2025-03-11
9903.81.90,7326.90.86,hts_2025_revision_4_csv,2025-03-11
9903.81.91,8431.31.00,hts_2025_revision_4_csv,2025-03-11
9903.81.91,8431.42.00,hts_2025_revision_4_csv,2025-03-11
9903.81.91,8431.49.10,hts_2025_revision_4_csv,2025-03-11
9903.81.91,8431.49.90,hts_2025_revision_4_csv,2025-03-11
9903.81.91,8432.10.00,hts_2025_revision_4_csv,2025-03-11
9903.81.91,8432.90.00,hts_2025_revision_4_csv,2025-03-11
9903.81.91,8547.90.00,hts_2025_revision_4_csv,2025-03-11
9903.81.91,9403.20.00,hts_2025_revision_4_csv,2025-03-11
9903.81.91,9405.99.20,hts_2025_revision_4_csv,2025-03-11
9903.81.91,9405.99.40,hts_2025_revision_4_csv,2025-03-11
9903.81.91,9406.20.00,hts_2025_revision_4_csv,2025-03-11
9903.81.91,9406.90.01,hts_2025_revision_4_csv,2025-03-11
9903.85.02,7601,hts_2025_revision_4_csv,2025-03-11
9903.85.02,7604,hts_2025_revision_4_csv,2025-03-11
9903.85.02,7605,hts_2025_revision_4_csv,2025-03-11
9903.85.02,7606,hts_2025_revision_4_csv,2025-03-11
9903.85.02,7607,hts_2025_revision_4_csv,2025-03-11
9903.85.02,7608,hts_2025_revision_4_csv,2025-03-11
9903.85.02,7609,hts_2025_revision_4_csv,2025-03-11
9903.85.02,7616.99.51,hts_2025_revision_4_csv,2025-03-11
9903.85.04,7614.10.50,hts_2025_revision_4_csv,2025-03-11
9903.85.04,7614.90.20,hts_2025_revision_4_csv,2025-03-11
9903.85.04,7614.90.40,hts_2025_revision_4_csv,2025-03-11
9903.85.04,7614.90.50,hts_2025_revision_4_csv,2025-03-11
9903.85.04,8708.10.30,hts_2025_revision_4_csv,2025-03-11
9903.85.04,8708.29.21,hts_2025_revision_4_csv,2025-03-11
9903.85.07,7615.10.2015,hts_2025_revision_4_csv,2025-03-11
9903.85.07,7615.10.2025,hts_2025_revision_4_csv,2025-03-11
9903.85.07,7615.10.3015,hts_2025_revision_4_csv,2025-03-11
9903.85.07,7615.10.3025,hts_2025_revision_4_csv,2025-03-11
9903.85.07,7615.10.5020,hts_2025_revision_4_csv,2025-03-11
9903.85.07,7615.10.5040,hts_2025_revision_4_csv,2025-03-11
9903.85.07,7615.10.7125,hts_2025_revision_4_csv,2025-03-11
9903.85.07,7615.10.7130,hts_2025_revision_4_csv,2025-03-11
9903.85.07,7615.10.7155,hts_2025_revision_4_csv,2025-03-11
9903.85.07,7615.10.7180,hts_2025_revision_4_csv,2025-03-11
9903.85.07,7615.10.9100,hts_2025_revision_4_csv,2025-03-11
9903.85.07,7615.20.0000,hts_2025_revision_4_csv,2025-03-11
9903.85.07,7616.10.9090,hts_2025_revision_4_csv,2025-03-11
9903.85.07,7616.99.1000,hts_2025_revision_4_csv,2025-03-11
9903.85.07,7616.99.5130,hts_2025_revision_4_csv,2025-03-11
9903.85.07,7616.99.5140,hts_2025_revision_4_csv,2025-03-11
9903.85.08,6603.90.8100,hts_2025_revision_4_csv,2025-03-11
9903.85.08,8302.10.3000,hts_2025_revision_4_csv,2025-03-11
9903.85.08,8302.10.6030,hts_2025_revision_4_csv,2025-03-11
9903.85.08,8302.10.6060,hts_2025_revision_4_csv,2025-03-11
9903.85.08,8302.10.6090,hts_2025_revision_4_csv,2025-03-11
9903.85.08,8302.20.0000,hts_2025_revision_4_csv,2025-03-11
9903.85.08,8302.30.3010,hts_2025_revision_4_csv,2025-03-11
9903.85.08,8302.30.3060,hts_2025_revision_4_csv,2025-03-11
9903.85.08,8302.41.3000,hts_2025_revision_4_csv,2025-03-11
9903.85.08,8302.41.6015,hts_2025_revision_4_csv,2025-03-11
9903.85.08,8302.41.6045,hts_2025_revision_4_csv,2025-03-11
9903.85.08,8302.41.6050,hts_2025_revision_4_csv,2025-03-11
9903.85.08,8302.41.6080,hts_2025_revision_4_csv,2025-03-11
9903.85.08,8302.42.3010,hts_2025_revision_4_csv,2025-03-11
9903.85.08,8302.42.3015,hts_2025_revision_4_csv,2025-03-11
9903.85.08,8302.42.3065,hts_2025_revision_4_csv,2025-03-11
9903.85.08,8302.49.6035,hts_2025_revision_4_csv,2025-03-11
9903.85.08,8302.49.6045,hts_2025_revision_4_csv,2025-03-11
9903.85.08,8302.49.6055,hts_2025_revision_4_csv,2025-03-11
9903.85.08,8302.49.6085,hts_2025_revision_4_csv,2025-03-11
9903.85.08,8302.50.0000,hts_2025_revision_4_csv,2025-03-11
9903.85.08,8302.60.3000,hts_2025_revision_4_csv,2025-03-11
9903.85.08,8302.60.9000,hts_2025_revision_4_csv,2025-03-11
9903.85.08,8305.10.0050,hts_2025_revision_4_csv,2025-03-11
9903.85.08,8306.30.0000,hts_2025_revision_4_csv,2025-03-11
9903.85.08,8414.59.6590,hts_2025_revision_4_csv,2025-03-11
9903.85.08,8415.90.8025,hts_2025_revision_4_csv,2025-03-11
9903.85.08,8415.90.8045,hts_2025_revision_4_csv,2025-03-11
9903.85.08,8415.90.8085,hts_2025_revision_4_csv,2025-03-11
9903.85.08,8418.99.8005,hts_2025_revision_4_csv,2025-03-11
9903.85.08,8418.99.8050,hts_2025_revision_4_csv,2025-03-11
9903.85.08,8418.99.8060,hts_2025_revision_4_csv,2025-03-11
9903.85.08,8419.50.5000,hts_2025_revision_4_csv,2025-03-11
9903.85.08,8419.90.1000,hts_2025_revision_4_csv,2025-03-11
9903.85.08,8422.90.0640,hts_2025_revision_4_csv,2025-03-11
9903.85.08,8424.90.9080,hts_2025_revision_4_csv,2025-03-11
9903.85.08,8473.30.2000,hts_2025_revision_4_csv,2025-03-11
9903.85.08,8473.30.5100,hts_2025_revision_4_csv,2025-03-11
9903.85.08,8479.89.9599,hts_2025_revision_4_csv,2025-03-11
9903.85.08,8479.90.8500,hts_2025_revision_4_csv,2025-03-11
9903.85.08,8479.90.9596,hts_2025_revision_4_csv,2025-03-11
9903.85.08,8481.90.9060,hts_2025_revision_4_csv,2025-03-11
9903.85.08,8481.90.9085,hts_2025_revision_4_csv,2025-03-11
9903.85.08,8486.90.0000,hts_2025_revision_4_csv,2025-03-11
9903.85.08,8487.90.0080,hts_2025_revision_4_csv,2025-03-11
9903.85.08,8503.00.9520,hts_2025_revision_4_csv,2025-03-11
9903.85.08,8508.70.0000,hts_2025_revision_4_csv,2025-03-11
9903.85.08,8513.90.2000,hts_2025_revision_4_csv,2025-03-11
9903.85.08,8515.90.2000,hts_2025_revision_4_csv,2025-03-11
9903.85.08,8516.90.5000,hts_2025_revision_4_csv,2025-03-11
9903.85.08,8516.90.8050,hts_2025_revision_4_csv,2025-03-11
9903.85.08,8517.71.0000,hts_2025_revision_4_csv,2025-03-11
9903.85.08,8517.79.0000,hts_2025_revision_4_csv,2025-03-11
9903.85.08,8529.90.7300,hts_2025_revision_4_csv,2025-03-11
9903.85.08,8529.90.9760,hts_2025_revision_4_csv,2025-03-11
9903.85.08,8536.90.8585,hts_2025_revision_4_csv,2025-03-11
9903.85.08,8538.10.0000,hts_2025_revision_4_csv,2025-03-11
9903.85.08,8541.90.0000,hts_2025_revision_4_csv,2025-03-11
9903.85.08,8543.90.8885,hts_2025_revision_4_csv,2025-03-11
9903.85.08,8547.90.0020,hts_2025_revision_4_csv,2025-03-11
9903.85.08,8547.90.0030,hts_2025_revision_4_csv,2025-03-11
9903.85.08,8547.90.0040,hts_2025_revision_4_csv,2025-03-11
9903.85.08,8708.10.3050,hts_2025_revision_4_csv,2025-03-11
9903.85.08,8708.29.5160,hts_2025_revision_4_csv,2025-03-11
9903.85.08,8708.80.6590,hts_2025_revision_4_csv,2025-03-11
9903.85.08,8708.99.6890,hts_2025_revision_4_csv,2025-03-11
9903.85.08,8716.80.5010,hts_2025_revision_4_csv,2025-03-11
9903.85.08,8807.30.0060,hts_2025_revision_4_csv,2025-03-11
9903.85.08,9013.90.8000,hts_2025_revision_4_csv,2025-03-11
9903.85.08,9031.90.9195,hts_2025_revision_4_csv,2025-03-11
9903.85.08,9401.99.9081,hts_2025_revision_4_csv,2025-03-11
9903.85.08,9403.99.1040,hts_2025_revision_4_csv,2025-03-11
9903.85.08,9403.99.9010,hts_2025_revision_4_csv,2025-03-11
9903.85.08,9403.99.9015,hts_2025_revision_4_csv,2025-03-11
9903.85.08,9403.99.9020,hts_2025_revision_4_csv,2025-03-11
9903.85.08,9403.99.9040,hts_2025_revision_4_csv,2025-03-11
9903.85.08,9403.99.9045,hts_2025_revision_4_csv,2025-03-11
9903.85.08,9405.99.4020,hts_2025_revision_4_csv,2025-03-11
9903.85.08,9506.11.4080,hts_2025_revision_4_csv,2025-03-11
9903.85.08,9506.51.4000,hts_2025_revision_4_csv,2025-03-11
9903.85.08,9506.51.6000,hts_2025_revision_4_csv,2025-03-11
9903.85.08,9506.59.4040,hts_2025_revision_4_csv,2025-03-11
9903.85.08,9506.70.2090,hts_2025_revision_4_csv,2025-03-11
9903.85.08,9506.91.0010,hts_2025_revision_4_csv,2025-03-11
9903.85.08,9506.91.0020,hts_2025_revision_4_csv,2025-03-11
9903.85.08,9506.91.0030,hts_2025_revision_4_csv,2025-03-11
9903.85.08,9506.99.0510,hts_2025_revision_4_csv,2025-03-11
9903.85.08,9506.99.0520,hts_2025_revision_4_csv,2025-03-11
9903.85.08,9506.99.0530,hts_2025_revision_4_csv,2025-03-11
9903.85.08,9506.99.1500,hts_2025_revision_4_csv,2025-03-11
9903.85.08,9506.99.2000,hts_2025_revision_4_csv,2025-03-11
9903.85.08,9506.99.2580,hts_2025_revision_4_csv,2025-03-11
9903.85.08,9506.99.2800,hts_2025_revision_4_csv,2025-03-11
9903.85.08,9506.99.5500,hts_2025_revision_4_csv,2025-03-11
9903.85.08,9506.99.6080,hts_2025_revision_4_csv,2025-03-11
9903.85.08,9507.30.2000,hts_2025_revision_4_csv,2025-03-11
9903.85.08,9507.30.4000,hts_2025_revision_4_csv,2025-03-11
9903.85.08,9507.30.6000,hts_2025_revision_4_csv,2025-03-11
9903.85.08,9507.30.8000,hts_2025_revision_4_csv,2025-03-11
9903.85.08,9507.90.6000,hts_2025_revision_4_csv,2025-03-11
9903.94.01,8703.22.01,hts_2025_revision_6_csv,2025-04-03
9903.94.01,8703.23.01,hts_2025_revision_6_csv,2025-04-03
9903.94.01,8703.24.01,hts_2025_revision_6_csv,2025-04-03
9903.94.01,8703.31.01,hts_2025_revision_6_csv,2025-04-03
9903.94.01,8703.32.01,hts_2025_revision_6_csv,2025-04-03
9903.94.01,8703.33.01,hts_2025_revision_6_csv,2025-04-03
9903.94.01,8703.40.00,hts_2025_revision_6_csv,2025-04-03
9903.94.01,8703.50.00,hts_2025_revision_6_csv,2025-04-03
9903.94.01,8703.60.00,hts_2025_revision_6_csv,2025-04-03
9903.94.01,8703.70.00,hts_2025_revision_6_csv,2025-04-03
9903.94.01,8703.80.00,hts_2025_revision_6_csv,2025-04-03
9903.94.01,8703.90.01,hts_2025_revision_6_csv,2025-04-03
9903.94.01,8704.21.01,hts_2025_revision_6_csv,2025-04-03
9903.94.01,8704.31.01,hts_2025_revision_6_csv,2025-04-03
9903.94.01,8704.41.00,hts_2025_revision_6_csv,2025-04-03
9903.94.01,8704.51.00,hts_2025_revision_6_csv,2025-04-03
9903.94.01,8704.60.00,hts_2025_revision_6_csv,2025-04-03
