99xx_HTS,Mapped_HTS,Normalized_HTS,Revision,Publication_Date,effective_pct_delta
9915.04.11,0405.90.20,040590,hts_2025_revision_1_csv,2025-02-05,-0.8
9915.04.17,0405.90.20,040590,hts_2025_revision_1_csv,2025-02-05,-4.6
9915.04.17,2309.90.48,230990,hts_2025_revision_1_csv,2025-02-05,-4.6
9915.04.24,2309.90.28,230990,hts_2025_revision_1_csv,2025-02-05,-0.6
9915.04.24,2309.90.28,230990,hts_2025_revision_1_csv,2025-02-05,-0.6
9915.04.28,2309.90.48,230990,hts_2025_revision_1_csv,2025-02-05,-3.5
9915.04.31,0402.29.50,040229,hts_2025_revision_1_csv,2025-02-05,-1.4
9915.04.34,0402.99.90,040299,hts_2025_revision_1_csv,2025-02-05,-1.4
9915.04.35,0403.20.50,040320,hts_2025_revision_1_csv,2025-02-05,-1.7
9915.04.36,0403.90.95,040390,hts_2025_revision_1_csv,2025-02-05,-1.7
9915.04.37,0404.10.15,040410,hts_2025_revision_1_csv,2025-02-05,-0.8
9915.04.38,0404.90.50,040490,hts_2025_revision_1_csv,2025-02-05,-0.8
9915.04.39,0405.20.70,040520,hts_2025_revision_1_csv,2025-02-05,-0.8
9915.04.39,2106.90.66,210690,hts_2025_revision_1_csv,2025-02-05,-0.8
9915.04.41,1704.90.58,170490,hts_2025_revision_1_csv,2025-02-05,-1.0
9915.04.42,1806.20.26,180620,hts_2025_revision_1_csv,2025-02-05,-0.4
9915.04.42,1806.20.36,180620,hts_2025_revision_1_csv,2025-02-05,-0.4
9915.04.42,1806.32.06,180632,hts_2025_revision_1_csv,2025-02-05,-0.4
9915.04.42,1806.32.16,180632,hts_2025_revision_1_csv,2025-02-05,-0.4
9915.04.43,1806.20.28,180620,hts_2025_revision_1_csv,2025-02-05,-0.4
9915.04.43,1806.20.38,180620,hts_2025_revision_1_csv,2025-02-05,-0.4
9915.04.43,1806.32.08,180632,hts_2025_revision_1_csv,2025-02-05,-0.4
9915.04.43,1806.32.18,180632,hts_2025_revision_1_csv,2025-02-05,-0.4
9915.04.44,1806.20.82,180620,hts_2025_revision_1_csv,2025-02-05,-0.8
9915.04.44,1806.20.87,180620,hts_2025_revision_1_csv,2025-02-05,-0.8
9915.04.45,1806.20.83,180620,hts_2025_revision_1_csv,2025-02-05,-0.8
9915.04.45,1806.20.89,180620,hts_2025_revision_1_csv,2025-02-05,-0.8
9915.04.46,1806.32.70,180632,hts_2025_revision_1_csv,2025-02-05,-0.6
9915.04.46,1806.90.08,180690,hts_2025_revision_1_csv,2025-02-05,-0.6
9915.04.46,1806.90.18,180690,hts_2025_revision_1_csv,2025-02-05,-0.6
9915.04.46,1806.90.28,180690,hts_2025_revision_1_csv,2025-02-05,-0.6
9915.04.47,1806.32.80,180632,hts_2025_revision_1_csv,2025-02-05,-0.6
9915.04.47,1806.90.10,180690,hts_2025_revision_1_csv,2025-02-05,-0.6
9915.04.47,1806.90.20,180690,hts_2025_revision_1_csv,2025-02-05,-0.6
9915.04.47,1806.90.30,180690,hts_2025_revision_1_csv,2025-02-05,-0.6
9915.04.48,1901.10.16,190110,hts_2025_revision_1_csv,2025-02-05,-1.4
9915.04.48,1901.10.26,190110,hts_2025_revision_1_csv,2025-02-05,-1.4
9915.04.48,1901.10.36,190110,hts_2025_revision_1_csv,2025-02-05,-1.4
9915.04.48,1901.10.44,190110,hts_2025_revision_1_csv,2025-02-05,-1.4
9915.04.49,1901.20.15,190120,hts_2025_revision_1_csv,2025-02-05,-0.8
9915.04.49,1901.20.50,190120,hts_2025_revision_1_csv,2025-02-05,-0.8
9915.04.50,1901.10.56,190110,hts_2025_revision_1_csv,2025-02-05,-1.3
9915.04.50,1901.10.66,190110,hts_2025_revision_1_csv,2025-02-05,-1.3
9915.04.50,1901.90.62,190190,hts_2025_revision_1_csv,2025-02-05,-1.3
9915.04.50,1901.90.65,190190,hts_2025_revision_1_csv,2025-02-05,-1.3
9915.04.51,2105.00.40,210500,hts_2025_revision_1_csv,2025-02-05,-1.7
9915.04.53,2106.90.87,210690,hts_2025_revision_1_csv,2025-02-05,-0.8
9915.04.54,2202.99.28,220299,hts_2025_revision_1_csv,2025-02-05,-1.4
9915.04.55,0402.29.50,040229,hts_2025_revision_1_csv,2025-02-05,-8.1
9915.04.58,0402.99.90,040299,hts_2025_revision_1_csv,2025-02-05,-8.1
9915.04.59,0403.20.50,040320,hts_2025_revision_1_csv,2025-02-05,-9.3
9915.04.60,0403.90.95,040390,hts_2025_revision_1_csv,2025-02-05,-9.3
9915.04.61,0404.10.15,040410,hts_2025_revision_1_csv,2025-02-05,-4.6
9915.04.62,0404.90.50,040490,hts_2025_revision_1_csv,2025-02-05,-4.6
9915.04.63,0405.20.70,040520,hts_2025_revision_1_csv,2025-02-05,-4.6
9915.04.63,2106.90.66,210690,hts_2025_revision_1_csv,2025-02-05,-4.6
9915.04.65,1704.90.58,170490,hts_2025_revision_1_csv,2025-02-05,-5.7
9915.04.66,1806.20.26,180620,hts_2025_revision_1_csv,2025-02-05,-2.3
9915.04.66,1806.20.36,180620,hts_2025_revision_1_csv,2025-02-05,-2.3
9915.04.66,1806.32.06,180632,hts_2025_revision_1_csv,2025-02-05,-2.3
9915.04.66,1806.32.16,180632,hts_2025_revision_1_csv,2025-02-05,-2.3
9915.04.67,1806.20.28,180620,hts_2025_revision_1_csv,2025-02-05,-2.3
9915.04.67,1806.20.38,180620,hts_2025_revision_1_csv,2025-02-05,-2.3
9915.04.67,1806.32.08,180632,hts_2025_revision_1_csv,2025-02-05,-2.3
9915.04.67,1806.32.18,180632,hts_2025_revision_1_csv,2025-02-05,-2.3
9915.04.68,1806.20.82,180620,hts_2025_revision_1_csv,2025-02-05,-4.6
9915.04.68,1806.20.87,180620,hts_2025_revision_1_csv,2025-02-05,-4.6
9915.04.69,1806.20.83,180620,hts_2025_revision_1_csv,2025-02-05,-4.6
9915.04.69,1806.20.89,180620,hts_2025_revision_1_csv,2025-02-05,-4.6
9915.04.70,1806.32.70,180632,hts_2025_revision_1_csv,2025-02-05,-3.3
9915.04.70,1806.90.08,180690,hts_2025_revision_1_csv,2025-02-05,-3.3
9915.04.70,1806.90.18,180690,hts_2025_revision_1_csv,2025-02-05,-3.3
9915.04.70,1806.90.28,180690,hts_2025_revision_1_csv,2025-02-05,-3.3
9915.04.71,1806.32.80,180632,hts_2025_revision_1_csv,2025-02-05,-3.3
9915.04.71,1806.90.10,180690,hts_2025_revision_1_csv,2025-02-05,-3.3
9915.04.71,1806.90.20,180690,hts_2025_revision_1_csv,2025-02-05,-3.3
9915.04.71,1806.90.30,180690,hts_2025_revision_1_csv,2025-02-05,-3.3
9915.04.72,1901.10.16,190110,hts_2025_revision_1_csv,2025-02-05,-8.1
9915.04.72,1901.10.26,190110,hts_2025_revision_1_csv,2025-02-05,-8.1
9915.04.72,1901.10.36,190110,hts_2025_revision_1_csv,2025-02-05,-8.1
9915.04.72,1901.10.44,190110,hts_2025_revision_1_csv,2025-02-05,-8.1
9915.04.73,1901.20.15,190120,hts_2025_revision_1_csv,2025-02-05,-4.6
9915.04.73,1901.20.50,190120,hts_2025_revision_1_csv,2025-02-05,-4.6
9915.04.74,1901.10.56,190110,hts_2025_revision_1_csv,2025-02-05,-7.4
9915.04.74,1901.10.66,190110,hts_2025_revision_1_csv,2025-02-05,-7.4
9915.04.74,1901.90.62,190190,hts_2025_revision_1_csv,2025-02-05,-7.4
9915.04.74,1901.90.65,190190,hts_2025_revision_1_csv,2025-02-05,-7.4
9915.04.75,2105.00.40,210500,hts_2025_revision_1_csv,2025-02-05,-9.3
9915.04.77,2106.90.87,210690,hts_2025_revision_1_csv,2025-02-05,-4.6
9915.04.78,2202.99.28,220299,hts_2025_revision_1_csv,2025-02-05,-8.1
9918.04.61,0402.29.50,040229,hts_2025_revision_1_csv,2025-02-05,-1.0
9918.04.62,0402.99.90,040299,hts_2025_revision_1_csv,2025-02-05,-1.0
9918.04.63,0403.20.50,040320,hts_2025_revision_1_csv,2025-02-05,-1.1
9918.04.64,0403.90.95,040390,hts_2025_revision_1_csv,2025-02-05,-1.1
9918.04.65,0404.10.15,040410,hts_2025_revision_1_csv,2025-02-05,-0.6000000000000001
9918.04.66,0404.90.50,040490,hts_2025_revision_1_csv,2025-02-05,-0.6000000000000001
9918.04.67,0405.20.70,040520,hts_2025_revision_1_csv,2025-02-05,-0.6000000000000001
9918.04.67,2106.90.66,210690,hts_2025_revision_1_csv,2025-02-05,-0.6000000000000001
9918.04.69,1704.90.58,170490,hts_2025_revision_1_csv,2025-02-05,-0.7000000000000001
9918.04.70,1806.20.82,180620,hts_2025_revision_1_csv,2025-02-05,-0.6000000000000001
9918.04.71,1806.20.83,180620,hts_2025_revision_1_csv,2025-02-05,-0.6000000000000001
9918.04.72,1806.32.70,180632,hts_2025_revision_1_csv,2025-02-05,-0.4
9918.04.72,1806.90.08,180690,hts_2025_revision_1_csv,2025-02-05,-0.4
9918.04.73,1806.32.80,180632,hts_2025_revision_1_csv,2025-02-05,-0.4
9918.04.73,1806.90.10,180690,hts_2025_revision_1_csv,2025-02-05,-0.4
9918.04.74,1901.10.16,190110,hts_2025_revision_1_csv,2025-02-05,-1.0
9918.04.74,1901.10.26,190110,hts_2025_revision_1_csv,2025-02-05,-1.0
9918.04.74,1901.10.36,190110,hts_2025_revision_1_csv,2025-02-05,-1.0
9918.04.74,1901.10.44,190110,hts_2025_revision_1_csv,2025-02-05,-1.0
9918.04.75,1901.20.15,190120,hts_2025_revision_1_csv,2025-02-05,-0.6000000000000001
9918.04.75,1901.20.50,190120,hts_2025_revision_1_csv,2025-02-05,-0.6000000000000001
9918.04.76,1901.10.56,190110,hts_2025_revision_1_csv,2025-02-05,-0.9
9918.04.76,1901.10.66,190110,hts_2025_revision_1_csv,2025-02-05,-0.9
9918.04.76,1901.90.62,190190,hts_2025_revision_1_csv,2025-02-05,-0.9
9918.04.76,1901.90.65,190190,hts_2025_revision_1_csv,2025-02-05,-0.9
9918.04.77,2105.00.40,210500,hts_2025_revision_1_csv,2025-02-05,-1.1
9918.04.79,2106.90.87,210690,hts_2025_revision_1_csv,2025-02-05,-0.6000000000000001
9918.04.80,2202.99.28,220299,hts_2025_revision_1_csv,2025-02-05,-1.0
9903.92.10,8426.19.00,842619,hts_2024_revision_9_csv,2024-09-26,25.0
9903.94.05,4009.12.0020,400912,hts_2025_revision_11_csv,2025-05-02,25.0
9903.94.05,4009.22.0020,400922,hts_2025_revision_11_csv,2025-05-02,25.0
9903.94.05,4009.32.0020,400932,hts_2025_revision_11_csv,2025-05-02,25.0
9903.94.05,4009.42.0020,400942,hts_2025_revision_11_csv,2025-05-02,25.0
9903.94.05,4013.10.0010,401310,hts_2025_revision_11_csv,2025-05-02,25.0
9903.94.05,4013.10.0020,401310,hts_2025_revision_11_csv,2025-05-02,25.0
9903.94.05,4016.99.6010,401699,hts_2025_revision_11_csv,2025-05-02,25.0
9903.94.05,8409.91.1040,840991,hts_2025_revision_11_csv,2025-05-02,25.0
9903.94.05,8409.99.1040,840999,hts_2025_revision_11_csv,2025-05-02,25.0
9903.94.05,8413.91.9010,841391,hts_2025_revision_11_csv,2025-05-02,25.0
9903.94.05,8414.30.8030,841430,hts_2025_revision_11_csv,2025-05-02,25.0
9903.94.05,8414.59.6540,841459,hts_2025_revision_11_csv,2025-05-02,25.0
9903.94.05,8431.10.0090,843110,hts_2025_revision_11_csv,2025-05-02,25.0
9903.94.05,8482.10.5044,848210,hts_2025_revision_11_csv,2025-05-02,25.0
9903.94.05,8482.10.5048,848210,hts_2025_revision_11_csv,2025-05-02,25.0
9903.94.05,8482.20.0020,848220,hts_2025_revision_11_csv,2025-05-02,25.0
9903.94.05,8482.20.0030,848220,hts_2025_revision_11_csv,2025-05-02,25.0
9903.94.05,8482.20.0040,848220,hts_2025_revision_11_csv,2025-05-02,25.0
9903.94.05,8482.20.0061,848220,hts_2025_revision_11_csv,2025-05-02,25.0
9903.94.05,8482.20.0070,848220,hts_2025_revision_11_csv,2025-05-02,25.0
9903.94.05,8482.20.0081,848220,hts_2025_revision_11_csv,2025-05-02,25.0
9903.94.05,8483.10.1030,848310,hts_2025_revision_11_csv,2025-05-02,25.0
9903.94.05,8511.10.0000,851110,hts_2025_revision_11_csv,2025-05-02,25.0
9903.94.05,8511.30.0040,851130,hts_2025_revision_11_csv,2025-05-02,25.0
9903.94.05,8511.30.0080,851130,hts_2025_revision_11_csv,2025-05-02,25.0
9903.94.05,8511.90.6020,851190,hts_2025_revision_11_csv,2025-05-02,25.0
9903.94.05,8511.90.6040,851190,hts_2025_revision_11_csv,2025-05-02,25.0
9903.94.05,8525.60.1010,852560,hts_2025_revision_11_csv,2025-05-02,25.0
9903.94.05,8536.41.0005,853641,hts_2025_revision_11_csv,2025-05-02,25.0
9903.94.05,8539.10.0010,853910,hts_2025_revision_11_csv,2025-05-02,25.0
9903.94.05,8539.10.0050,853910,hts_2025_revision_11_csv,2025-05-02,25.0
9903.94.05,8707.10.0020,870710,hts_2025_revision_11_csv,2025-05-02,25.0
9903.94.05,8707.10.0040,870710,hts_2025_revision_11_csv,2025-05-02,25.0
9903.94.05,8707.90.5020,870790,hts_2025_revision_11_csv,2025-05-02,25.0
9903.94.05,8707.90.5040,870790,hts_2025_revision_11_csv,2025-05-02,25.0
9903.94.05,8707.90.5060,870790,hts_2025_revision_11_csv,2025-05-02,25.0
9903.94.05,8707.90.5080,870790,hts_2025_revision_11_csv,2025-05-02,25.0
9903.94.05,9029.20.4080,902920,hts_2025_revision_11_csv,2025-05-02,25.0
9903.85.15,6603.90.8100,660390,hts_2025_revision_14_csv,2025-06-02,25.0
9903.85.15,8302.10.3000,830210,hts_2025_revision_14_csv,2025-06-02,25.0
9903.85.15,8302.10.6030,830210,hts_2025_revision_14_csv,2025-06-02,25.0
9903.85.15,8302.10.6060,830210,hts_2025_revision_14_csv,2025-06-02,25.0
9903.85.15,8302.10.6090,830210,hts_2025_revision_14_csv,2025-06-02,25.0
9903.85.15,8302.20.0000,830220,hts_2025_revision_14_csv,2025-06-02,25.0
9903.85.15,8302.30.3010,830230,hts_2025_revision_14_csv,2025-06-02,25.0
9903.85.15,8302.30.3060,830230,hts_2025_revision_14_csv,2025-06-02,25.0
9903.85.15,8302.41.3000,830241,hts_2025_revision_14_csv,2025-06-02,25.0
9903.85.15,8302.41.6015,830241,hts_2025_revision_14_csv,2025-06-02,25.0
9903.85.15,8302.41.6045,830241,hts_2025_revision_14_csv,2025-06-02,25.0
9903.85.15,8302.41.6050,830241,hts_2025_revision_14_csv,2025-06-02,25.0
9903.85.15,8302.41.6080,830241,hts_2025_revision_14_csv,2025-06-02,25.0
9903.85.15,8302.42.3010,830242,hts_2025_revision_14_csv,2025-06-02,25.0
9903.85.15,8302.42.3015,830242,hts_2025_revision_14_csv,2025-06-02,25.0
9903.85.15,8302.42.3065,830242,hts_2025_revision_14_csv,2025-06-02,25.0
9903.85.15,8302.49.6035,830249,hts_2025_revision_14_csv,2025-06-02,25.0
9903.85.15,8302.49.6045,830249,hts_2025_revision_14_csv,2025-06-02,25.0
9903.85.15,8302.49.6055,830249,hts_2025_revision_14_csv,2025-06-02,25.0
9903.85.15,8302.49.6085,830249,hts_2025_revision_14_csv,2025-06-02,25.0
9903.85.15,8302.50.0000,830250,hts_2025_revision_14_csv,2025-06-02,25.0
9903.85.15,8302.60.3000,830260,hts_2025_revision_14_csv,2025-06-02,25.0
9903.85.15,8302.60.9000,830260,hts_2025_revision_14_csv,2025-06-02,25.0
9903.85.15,8305.10.0050,830510,hts_2025_revision_14_csv,2025-06-02,25.0
9903.85.15,8306.30.0000,830630,hts_2025_revision_14_csv,2025-06-02,25.0
9903.85.15,8414.59.6590,841459,hts_2025_revision_14_csv,2025-06-02,25.0
9903.85.15,8415.90.8025,841590,hts_2025_revision_14_csv,2025-06-02,25.0
9903.85.15,8415.90.8045,841590,hts_2025_revision_14_csv,2025-06-02,25.0
9903.85.15,8415.90.8085,841590,hts_2025_revision_14_csv,2025-06-02,25.0
9903.85.15,8418.99.8005,841899,hts_2025_revision_14_csv,2025-06-02,25.0
9903.85.15,8418.99.8050,841899,hts_2025_revision_14_csv,2025-06-02,25.0
9903.85.15,8418.99.8060,841899,hts_2025_revision_14_csv,2025-06-02,25.0
9903.85.15,8419.50.5000,841950,hts_2025_revision_14_csv,2025-06-02,25.0
9903.85.15,8419.90.1000,841990,hts_2025_revision_14_csv,2025-06-02,25.0
9903.85.15,8422.90.0640,842290,hts_2025_revision_14_csv,2025-06-02,25.0
9903.85.15,8424.90.9080,842490,hts_2025_revision_14_csv,2025-06-02,25.0
9903.85.15,8473.30.2000,847330,hts_2025_revision_14_csv,2025-06-02,25.0
9903.85.15,8473.30.5100,847330,hts_2025_revision_14_csv,2025-06-02,25.0
9903.85.15,8479.89.9599,847989,hts_2025_revision_14_csv,2025-06-02,25.0
9903.85.15,8479.90.8500,847990,hts_2025_revision_14_csv,2025-06-02,25.0
9903.85.15,8479.90.9596,847990,hts_2025_revision_14_csv,2025-06-02,25.0
9903.85.15,8481.90.9060,848190,hts_2025_revision_14_csv,2025-06-02,25.0
9903.85.15,8481.90.9085,848190,hts_2025_revision_14_csv,2025-06-02,25.0
9903.85.15,8486.90.0000,848690,hts_2025_revision_14_csv,2025-06-02,25.0
9903.85.15,8487.90.0080,848790,hts_2025_revision_14_csv,2025-06-02,25.0
9903.85.15,8503.00.9520,850300,hts_2025_revision_14_csv,2025-06-02,25.0
9903.85.15,8508.70.0000,850870,hts_2025_revision_14_csv,2025-06-02,25.0
9903.85.15,8513.90.2000,851390,hts_2025_revision_14_csv,2025-06-02,25.0
9903.85.15,8515.90.2000,851590,hts_2025_revision_14_csv,2025-06-02,25.0
9903.85.15,8516.90.5000,851690,hts_2025_revision_14_csv,2025-06-02,25.0
9903.85.15,8516.90.8050,851690,hts_2025_revision_14_csv,2025-06-02,25.0
9903.85.15,8517.71.0000,851771,hts_2025_revision_14_csv,2025-06-02,25.0
9903.85.15,8517.79.0000,851779,hts_2025_revision_14_csv,2025-06-02,25.0
9903.85.15,8529.90.7300,852990,hts_2025_revision_14_csv,2025-06-02,25.0
9903.85.15,8529.90.9760,852990,hts_2025_revision_14_csv,2025-06-02,25.0
9903.85.15,8536.90.8585,853690,hts_2025_revision_14_csv,2025-06-02,25.0
9903.85.15,8538.10.0000,853810,hts_2025_revision_14_csv,2025-06-02,25.0
9903.85.15,8541.90.0000,854190,hts_2025_revision_14_csv,2025-06-02,25.0
9903.85.15,8543.90.8885,854390,hts_2025_revision_14_csv,2025-06-02,25.0
9903.85.15,8547.90.0020,854790,hts_2025_revision_14_csv,2025-06-02,25.0
9903.85.15,8547.90.0030,854790,hts_2025_revision_14_csv,2025-06-02,25.0
9903.85.15,8547.90.0040,854790,hts_2025_revision_14_csv,2025-06-02,25.0
9903.85.15,8708.10.3050,870810,hts_2025_revision_14_csv,2025-06-02,25.0
9903.85.15,8708.29.5160,870829,hts_2025_revision_14_csv,2025-06-02,25.0
9903.85.15,8708.80.6590,870880,hts_2025_revision_14_csv,2025-06-02,25.0
9903.85.15,8708.99.6890,870899,hts_2025_revision_14_csv,2025-06-02,25.0
9903.85.15,8716.80.5010,871680,hts_2025_revision_14_csv,2025-06-02,25.0
9903.85.15,8807.30.0060,880730,hts_2025_revision_14_csv,2025-06-02,25.0
9903.85.15,9013.90.8000,901390,hts_2025_revision_14_csv,2025-06-02,25.0
9903.85.15,9031.90.9195,903190,hts_2025_revision_14_csv,2025-06-02,25.0
9903.85.15,9401.99.9081,940199,hts_2025_revision_14_csv,2025-06-02,25.0
9903.85.15,9403.99.1040,940399,hts_2025_revision_14_csv,2025-06-02,25.0
9903.85.15,9403.99.9010,940399,hts_2025_revision_14_csv,2025-06-02,25.0
9903.85.15,9403.99.9015,940399,hts_2025_revision_14_csv,2025-06-02,25.0
9903.85.15,9403.99.9020,940399,hts_2025_revision_14_csv,2025-06-02,25.0
9903.85.15,9403.99.9040,940399,hts_2025_revision_14_csv,2025-06-02,25.0
9903.85.15,9403.99.9045,940399,hts_2025_revision_14_csv,2025-06-02,25.0
9903.85.15,9405.99.4020,940599,hts_2025_revision_14_csv,2025-06-02,25.0
9903.85.15,9506.11.4080,950611,hts_2025_revision_14_csv,2025-06-02,25.0
9903.85.15,9506.51.4000,950651,hts_2025_revision_14_csv,2025-06-02,25.0
9903.85.15,9506.51.6000,950651,hts_2025_revision_14_csv,2025-06-02,25.0
9903.85.15,9506.59.4040,950659,hts_2025_revision_14_csv,2025-06-02,25.0
9903.85.15,9506.70.2090,950670,hts_2025_revision_14_csv,2025-06-02,25.0
9903.85.15,9506.91.0010,950691,hts_2025_revision_14_csv,2025-06-02,25.0
9903.85.15,9506.91.0020,950691,hts_2025_revision_14_csv,2025-06-02,25.0
9903.85.15,9506.91.0030,950691,hts_2025_revision_14_csv,2025-06-02,25.0
9903.85.15,9506.99.0510,950699,hts_2025_revision_14_csv,2025-06-02,25.0
9903.85.15,9506.99.0520,950699,hts_2025_revision_14_csv,2025-06-02,25.0
9903.85.15,9506.99.0530,950699,hts_2025_revision_14_csv,2025-06-02,25.0
9903.85.15,9506.99.1500,950699,hts_2025_revision_14_csv,2025-06-02,25.0
9903.85.15,9506.99.2000,950699,hts_2025_revision_14_csv,2025-06-02,25.0
9903.85.15,9506.99.2580,950699,hts_2025_revision_14_csv,2025-06-02,25.0
9903.85.15,9506.99.2800,950699,hts_2025_revision_14_csv,2025-06-02,25.0
9903.85.15,9506.99.5500,950699,hts_2025_revision_14_csv,2025-06-02,25.0
9903.85.15,9506.99.6080,950699,hts_2025_revision_14_csv,2025-06-02,25.0
9903.85.15,9507.30.2000,950730,hts_2025_revision_14_csv,2025-06-02,25.0
9903.85.15,9507.30.4000,950730,hts_2025_revision_14_csv,2025-06-02,25.0
9903.85.15,9507.30.6000,950730,hts_2025_revision_14_csv,2025-06-02,25.0
9903.85.15,9507.30.8000,950730,hts_2025_revision_14_csv,2025-06-02,25.0
9903.85.15,9507.90.6000,950790,hts_2025_revision_14_csv,2025-06-02,25.0
9903.81.87,7208,7208,hts_2025_revision_14_csv,2025-06-02,25.0
9903.81.87,7209,7209,hts_2025_revision_14_csv,2025-06-02,25.0
9903.81.87,7210,7210,hts_2025_revision_14_csv,2025-06-02,25.0
9903.81.87,7211,7211,hts_2025_revision_14_csv,2025-06-02,25.0
9903.81.87,7212,7212,hts_2025_revision_14_csv,2025-06-02,25.0
9903.81.87,7225,7225,hts_2025_revision_14_csv,2025-06-02,25.0
9903.81.87,7226,7226,hts_2025_revision_14_csv,2025-06-02,25.0
9903.81.87,7213,7213,hts_2025_revision_14_csv,2025-06-02,25.0
9903.81.87,7214,7214,hts_2025_revision_14_csv,2025-06-02,25.0
9903.81.87,7215,7215,hts_2025_revision_14_csv,2025-06-02,25.0
9903.81.87,7227,7227,hts_2025_revision_14_csv,2025-06-02,25.0
9903.81.87,7228,7228,hts_2025_revision_14_csv,2025-06-02,25.0
9903.81.87,7216,7216,hts_2025_revision_14_csv,2025-06-02,25.0
9903.81.87,7216.61.00,721661,hts_2025_revision_14_csv,2025-06-02,25.0
9903.81.87,7216.69.00,721669,hts_2025_revision_14_csv,2025-06-02,25.0
9903.81.87,7216.91.00,721691,hts_2025_revision_14_csv,2025-06-02,25.0
9903.81.87,7217,7217,hts_2025_revision_14_csv,2025-06-02,25.0
9903.81.87,7229,7229,hts_2025_revision_14_csv,2025-06-02,25.0
9903.81.87,7301.10.00,730110,hts_2025_revision_14_csv,2025-06-02,25.0
9903.81.87,7302.10,730210,hts_2025_revision_14_csv,2025-06-02,25.0
9903.81.87,7302.40.00,730240,hts_2025_revision_14_csv,2025-06-02,25.0
9903.81.87,7302.90.00,730290,hts_2025_revision_14_csv,2025-06-02,25.0
9903.81.87,7304,7304,hts_2025_revision_14_csv,2025-06-02,25.0
9903.81.87,7306,7306,hts_2025_revision_14_csv,2025-06-02,25.0
9903.81.87,7305,7305,hts_2025_revision_14_csv,2025-06-02,25.0
9903.81.87,7206,7206,hts_2025_revision_14_csv,2025-06-02,25.0
9903.81.87,7207,7207,hts_2025_revision_14_csv,2025-06-02,25.0
9903.81.87,7224,7224,hts_2025_revision_14_csv,2025-06-02,25.0
9903.81.87,7218,7218,hts_2025_revision_14_csv,2025-06-02,25.0
9903.81.87,7219,7219,hts_2025_revision_14_csv,2025-06-02,25.0
9903.81.87,7220,7220,hts_2025_revision_14_csv,2025-06-02,25.0
9903.81.87,7221,7221,hts_2025_revision_14_csv,2025-06-02,25.0
9903.81.87,7222,7222,hts_2025_revision_14_csv,2025-06-02,25.0
9903.81.87,7223,7223,hts_2025_revision_14_csv,2025-06-02,25.0
9903.81.89,7317.00.30,731700,hts_2025_revision_14_csv,2025-06-02,25.0
9903.81.89,7317.00.5503,731700,hts_2025_revision_14_csv,2025-06-02,25.0
9903.81.89,7317.00.5505,731700,hts_2025_revision_14_csv,2025-06-02,25.0
9903.81.89,7317.00.5507,731700,hts_2025_revision_14_csv,2025-06-02,25.0
9903.81.89,7317.00.5560,731700,hts_2025_revision_14_csv,2025-06-02,25.0
9903.81.89,7317.00.5580,731700,hts_2025_revision_14_csv,2025-06-02,25.0
9903.81.89,7317.00.6560,731700,hts_2025_revision_14_csv,2025-06-02,25.0
9903.81.89,8701,8701,hts_2025_revision_14_csv,2025-06-02,25.0
9903.81.89,8702,8702,hts_2025_revision_14_csv,2025-06-02,25.0
9903.81.89,8703,8703,hts_2025_revision_14_csv,2025-06-02,25.0
9903.81.89,8704,8704,hts_2025_revision_14_csv,2025-06-02,25.0
9903.81.89,8705,8705,hts_2025_revision_14_csv,2025-06-02,25.0
9903.81.89,8708.29.21,870829,hts_2025_revision_14_csv,2025-06-02,25.0
9903.81.90,7301.20.10,730120,hts_2025_revision_14_csv,2025-06-02,25.0
9903.81.90,7301.20.50,730120,hts_2025_revision_14_csv,2025-06-02,25.0
9903.81.90,7302.30.00,730230,hts_2025_revision_14_csv,2025-06-02,25.0
9903.81.90,7307.21.10,730721,hts_2025_revision_14_csv,2025-06-02,25.0
9903.81.90,7307.21.50,730721,hts_2025_revision_14_csv,2025-06-02,25.0
9903.81.90,7307.22.10,730722,hts_2025_revision_14_csv,2025-06-02,25.0
9903.81.90,7307.22.50,730722,hts_2025_revision_14_csv,2025-06-02,25.0
9903.81.90,7307.23.00,730723,hts_2025_revision_14_csv,2025-06-02,25.0
9903.81.90,7307.29.00,730729,hts_2025_revision_14_csv,2025-06-02,25.0
9903.81.90,7307.91.10,730791,hts_2025_revision_14_csv,2025-06-02,25.0
9903.81.90,7307.91.30,730791,hts_2025_revision_14_csv,2025-06-02,25.0
9903.81.90,7307.91.50,730791,hts_2025_revision_14_csv,2025-06-02,25.0
9903.81.90,7307.92.30,730792,hts_2025_revision_14_csv,2025-06-02,25.0
9903.81.90,7307.92.90,730792,hts_2025_revision_14_csv,2025-06-02,25.0
9903.81.90,7307.93.30,730793,hts_2025_revision_14_csv,2025-06-02,25.0
9903.81.90,7307.93.60,730793,hts_2025_revision_14_csv,2025-06-02,25.0
9903.81.90,7307.93.90,730793,hts_2025_revision_14_csv,2025-06-02,25.0
9903.81.90,7307.99.10,730799,hts_2025_revision_14_csv,2025-06-02,25.0
9903.81.90,7307.99.30,730799,hts_2025_revision_14_csv,2025-06-02,25.0
9903.81.90,7307.99.50,730799,hts_2025_revision_14_csv,2025-06-02,25.0
9903.81.90,7308.10.00,730810,hts_2025_revision_14_csv,2025-06-02,25.0
9903.81.90,7308.20.00,730820,hts_2025_revision_14_csv,2025-06-02,25.0
9903.81.90,7308.30.10,730830,hts_2025_revision_14_csv,2025-06-02,25.0
9903.81.90,7308.30.50,730830,hts_2025_revision_14_csv,2025-06-02,25.0
9903.81.90,7308.40.00,730840,hts_2025_revision_14_csv,2025-06-02,25.0
9903.81.90,7308.90.30,730890,hts_2025_revision_14_csv,2025-06-02,25.0
9903.81.90,7308.90.60,730890,hts_2025_revision_14_csv,2025-06-02,25.0
9903.81.90,7308.90.70,730890,hts_2025_revision_14_csv,2025-06-02,25.0
9903.81.90,7308.90.95,730890,hts_2025_revision_14_csv,2025-06-02,25.0
9903.81.90,7309.00.00,730900,hts_2025_revision_14_csv,2025-06-02,25.0
9903.81.90,7310.10.00,731010,hts_2025_revision_14_csv,2025-06-02,25.0
9903.81.90,7310.21.00,731021,hts_2025_revision_14_csv,2025-06-02,25.0
9903.81.90,7310.29.00,731029,hts_2025_revision_14_csv,2025-06-02,25.0
9903.81.90,7311.00.00,731100,hts_2025_revision_14_csv,2025-06-02,25.0
9903.81.90,7312.10.05,731210,hts_2025_revision_14_csv,2025-06-02,25.0
9903.81.90,7312.10.10,731210,hts_2025_revision_14_csv,2025-06-02,25.0
9903.81.90,7312.10.20,731210,hts_2025_revision_14_csv,2025-06-02,25.0
9903.81.90,7312.10.30,731210,hts_2025_revision_14_csv,2025-06-02,25.0
9903.81.90,7312.10.50,731210,hts_2025_revision_14_csv,2025-06-02,25.0
9903.81.90,7312.10.60,731210,hts_2025_revision_14_csv,2025-06-02,25.0
9903.81.90,7312.10.70,731210,hts_2025_revision_14_csv,2025-06-02,25.0
9903.81.90,7312.10.80,731210,hts_2025_revision_14_csv,2025-06-02,25.0
9903.81.90,7312.10.90,731210,hts_2025_revision_14_csv,2025-06-02,25.0
9903.81.90,7312.90.00,731290,hts_2025_revision_14_csv,2025-06-02,25.0
9903.81.90,7313.00.00,731300,hts_2025_revision_14_csv,2025-06-02,25.0
9903.81.90,7314.12.10,731412,hts_2025_revision_14_csv,2025-06-02,25.0
9903.81.90,7314.12.20,731412,hts_2025_revision_14_csv,2025-06-02,25.0
9903.81.90,7314.12.30,731412,hts_2025_revision_14_csv,2025-06-02,25.0
9903.81.90,7314.12.60,731412,hts_2025_revision_14_csv,2025-06-02,25.0
9903.81.90,7314.12.90,731412,hts_2025_revision_14_csv,2025-06-02,25.0
9903.81.90,7314.14.10,731414,hts_2025_revision_14_csv,2025-06-02,25.0
9903.81.90,7314.14.20,731414,hts_2025_revision_14_csv,2025-06-02,25.0
9903.81.90,7314.14.30,731414,hts_2025_revision_14_csv,2025-06-02,25.0
9903.81.90,7314.14.60,731414,hts_2025_revision_14_csv,2025-06-02,25.0
9903.81.90,7314.14.90,731414,hts_2025_revision_14_csv,2025-06-02,25.0
9903.81.90,7314.19.01,731419,hts_2025_revision_14_csv,2025-06-02,25.0
9903.81.90,7314.20.00,731420,hts_2025_revision_14_csv,2025-06-02,25.0
9903.81.90,7314.31.10,731431,hts_2025_revision_14_csv,2025-06-02,25.0
9903.81.90,7314.31.50,731431,hts_2025_revision_14_csv,2025-06-02,25.0
9903.81.90,7314.39.00,731439,hts_2025_revision_14_csv,2025-06-02,25.0
9903.81.90,7314.41.00,731441,hts_2025_revision_14_csv,2025-06-02,25.0
9903.81.90,7314.42.00,731442,hts_2025_revision_14_csv,2025-06-02,25.0
9903.81.90,7314.49.30,731449,hts_2025_revision_14_csv,2025-06-02,25.0
9903.81.90,7314.49.60,731449,hts_2025_revision_14_csv,2025-06-02,25.0
9903.81.90,7314.50.00,731450,hts_2025_revision_14_csv,2025-06-02,25.0
9903.81.90,7315.11.00,731511,hts_2025_revision_14_csv,2025-06-02,25.0
9903.81.90,7315.12.00,731512,hts_2025_revision_14_csv,2025-06-02,25.0
9903.81.90,7315.19.00,731519,hts_2025_revision_14_csv,2025-06-02,25.0
9903.81.90,7315.20.10,731520,hts_2025_revision_14_csv,2025-06-02,25.0
9903.81.90,7315.20.50,731520,hts_2025_revision_14_csv,2025-06-02,25.0
9903.81.90,7315.81.00,731581,hts_2025_revision_14_csv,2025-06-02,25.0
9903.81.90,7315.82.10,731582,hts_2025_revision_14_csv,2025-06-02,25.0
9903.81.90,7315.82.30,731582,hts_2025_revision_14_csv,2025-06-02,25.0
9903.81.90,7315.82.50,731582,hts_2025_revision_14_csv,2025-06-02,25.0
9903.81.90,7315.82.70,731582,hts_2025_revision_14_csv,2025-06-02,25.0
9903.81.90,7315.89.10,731589,hts_2025_revision_14_csv,2025-06-02,25.0
9903.81.90,7315.89.30,731589,hts_2025_revision_14_csv,2025-06-02,25.0
9903.81.90,7315.89.50,731589,hts_2025_revision_14_csv,2025-06-02,25.0
9903.81.90,7315.90.00,731590,hts_2025_revision_14_csv,2025-06-02,25.0
9903.81.90,7316.00.00,731600,hts_2025_revision_14_csv,2025-06-02,25.0
9903.81.90,7317.00.10,731700,hts_2025_revision_14_csv,2025-06-02,25.0
9903.81.90,7317.00.20,731700,hts_2025_revision_14_csv,2025-06-02,25.0
9903.81.90,7317.00.55,731700,hts_2025_revision_14_csv,2025-06-02,25.0
9903.81.90,7317.00.65,731700,hts_2025_revision_14_csv,2025-06-02,25.0
9903.81.90,7317.00.75,731700,hts_2025_revision_14_csv,2025-06-02,25.0
9903.81.90,7318.11.00,731811,hts_2025_revision_14_csv,2025-06-02,25.0
9903.81.90,7318.12.00,731812,hts_2025_revision_14_csv,2025-06-02,25.0
9903.81.90,7318.13.00,731813,hts_2025_revision_14_csv,2025-06-02,25.0
9903.81.90,7318.14.10,731814,hts_2025_revision_14_csv,2025-06-02,25.0
9903.81.90,7318.14.50,731814,hts_2025_revision_14_csv,2025-06-02,25.0
9903.81.90,7318.15.20,731815,hts_2025_revision_14_csv,2025-06-02,25.0
9903.81.90,7318.15.40,731815,hts_2025_revision_14_csv,2025-06-02,25.0
9903.81.90,7318.15.50,731815,hts_2025_revision_14_csv,2025-06-02,25.0
9903.81.90,7318.15.60,731815,hts_2025_revision_14_csv,2025-06-02,25.0
9903.81.90,7318.15.80,731815,hts_2025_revision_14_csv,2025-06-02,25.0
9903.81.90,7318.16.00,731816,hts_2025_revision_14_csv,2025-06-02,25.0
9903.81.90,7318.19.00,731819,hts_2025_revision_14_csv,2025-06-02,25.0
9903.81.90,7318.21.00,731821,hts_2025_revision_14_csv,2025-06-02,25.0
9903.81.90,7318.22.00,731822,hts_2025_revision_14_csv,2025-06-02,25.0
9903.81.90,7318.23.00,731823,hts_2025_revision_14_csv,2025-06-02,25.0
9903.81.90,7318.24.00,731824,hts_2025_revision_14_csv,2025-06-02,25.0
9903.81.90,7318.29.00,731829,hts_2025_revision_14_csv,2025-06-02,25.0
9903.81.90,7319.40.20,731940,hts_2025_revision_14_csv,2025-06-02,25.0
9903.81.90,7319.40.30,731940,hts_2025_revision_14_csv,2025-06-02,25.0
9903.81.90,7319.40.50,731940,hts_2025_revision_14_csv,2025-06-02,25.0
9903.81.90,7319.90.10,731990,hts_2025_revision_14_csv,2025-06-02,25.0
9903.81.90,7319.90.90,731990,hts_2025_revision_14_csv,2025-06-02,25.0
9903.81.90,7320.10.30,732010,hts_2025_revision_14_csv,2025-06-02,25.0
9903.81.90,7320.10.60,732010,hts_2025_revision_14_csv,2025-06-02,25.0
9903.81.90,7320.10.90,732010,hts_2025_revision_14_csv,2025-06-02,25.0
9903.81.90,7320.20.10,732020,hts_2025_revision_14_csv,2025-06-02,25.0
9903.81.90,7320.20.50,732020,hts_2025_revision_14_csv,2025-06-02,25.0
9903.81.90,7320.90.10,732090,hts_2025_revision_14_csv,2025-06-02,25.0
9903.81.90,7320.90.50,732090,hts_2025_revision_14_csv,2025-06-02,25.0
9903.81.90,7321.11.10,732111,hts_2025_revision_14_csv,2025-06-02,25.0
9903.81.90,7321.11.30,732111,hts_2025_revision_14_csv,2025-06-02,25.0
9903.81.90,7321.11.60,732111,hts_2025_revision_14_csv,2025-06-02,25.0
9903.81.90,7321.12.00,732112,hts_2025_revision_14_csv,2025-06-02,25.0
9903.81.90,7321.19.00,732119,hts_2025_revision_14_csv,2025-06-02,25.0
9903.81.90,7321.81.10,732181,hts_2025_revision_14_csv,2025-06-02,25.0
9903.81.90,7321.81.50,732181,hts_2025_revision_14_csv,2025-06-02,25.0
9903.81.90,7321.82.10,732182,hts_2025_revision_14_csv,2025-06-02,25.0
9903.81.90,7321.82.50,732182,hts_2025_revision_14_csv,2025-06-02,25.0
9903.81.90,7321.89.00,732189,hts_2025_revision_14_csv,2025-06-02,25.0
9903.81.90,7321.90.10,732190,hts_2025_revision_14_csv,2025-06-02,25.0
9903.81.90,7321.90.20,732190,hts_2025_revision_14_csv,2025-06-02,25.0
9903.81.90,7321.90.40,732190,hts_2025_revision_14_csv,2025-06-02,25.0
9903.81.90,7321.90.50,732190,hts_2025_revision_14_csv,2025-06-02,25.0
9903.81.90,7321.90.60,732190,hts_2025_revision_14_csv,2025-06-02,25.0
9903.81.90,7322.19.00,732219,hts_2025_revision_14_csv,2025-06-02,25.0
9903.81.90,7322.90.00,732290,hts_2025_revision_14_csv,2025-06-02,25.0
9903.81.90,7323.10.00,732310,hts_2025_revision_14_csv,2025-06-02,25.0
9903.81.90,7323.93.00,732393,hts_2025_revision_14_csv,2025-06-02,25.0
9903.81.90,7323.94.00,732394,hts_2025_revision_14_csv,2025-06-02,25.0
9903.81.90,7323.99.10,732399,hts_2025_revision_14_csv,2025-06-02,25.0
9903.81.90,7323.99.30,732399,hts_2025_revision_14_csv,2025-06-02,25.0
9903.81.90,7323.99.50,732399,hts_2025_revision_14_csv,2025-06-02,25.0
9903.81.90,7323.99.70,732399,hts_2025_revision_14_csv,2025-06-02,25.0
9903.81.90,7323.99.90,732399,hts_2025_revision_14_csv,2025-06-02,25.0
9903.81.90,7324.10.00,732410,hts_2025_revision_14_csv,2025-06-02,25.0
9903.81.90,7324.29.00,732429,hts_2025_revision_14_csv,2025-06-02,25.0
9903.81.90,7324.90.00,732490,hts_2025_revision_14_csv,2025-06-02,25.0
9903.81.90,7325.91.00,732591,hts_2025_revision_14_csv,2025-06-02,25.0
9903.81.90,7325.99.10,732599,hts_2025_revision_14_csv,2025-06-02,25.0
9903.81.90,7325.99.50,732599,hts_2025_revision_14_csv,2025-06-02,25.0
9903.81.90,7326.11.00,732611,hts_2025_revision_14_csv,2025-06-02,25.0
9903.81.90,7326.19.00,732619,hts_2025_revision_14_csv,2025-06-02,25.0
9903.81.90,7326.20.00,732620,hts_2025_revision_14_csv,2025-06-02,25.0
9903.81.90,7326.90.10,732690,hts_2025_revision_14_csv,2025-06-02,25.0
9903.81.90,7326.90.25,732690,hts_2025_revision_14_csv,2025-06-02,25.0
9903.81.90,7326.90.35,732690,hts_2025_revision_14_csv,2025-06-02,25.0
9903.81.90,7326.90.45,732690,hts_2025_revision_14_csv,2025-06-02,25.0
9903.81.90,7326.90.60,732690,hts_2025_revision_14_csv,2025-06-02,25.0
9903.81.90,7326.90.86,732690,hts_2025_revision_14_csv,2025-06-02,25.0
9903.81.91,8431.31.00,843131,hts_2025_revision_14_csv,2025-06-02,25.0
9903.81.91,8431.42.00,843142,hts_2025_revision_14_csv,2025-06-02,25.0
9903.81.91,8431.49.10,843149,hts_2025_revision_14_csv,2025-06-02,25.0
9903.81.91,8431.49.90,843149,hts_2025_revision_14_csv,2025-06-02,25.0
9903.81.91,8432.10.00,843210,hts_2025_revision_14_csv,2025-06-02,25.0
9903.81.91,8432.90.00,843290,hts_2025_revision_14_csv,2025-06-02,25.0
9903.81.91,8547.90.00,854790,hts_2025_revision_14_csv,2025-06-02,25.0
9903.81.91,9403.20.00,940320,hts_2025_revision_14_csv,2025-06-02,25.0
9903.81.91,9405.99.20,940599,hts_2025_revision_14_csv,2025-06-02,25.0
9903.81.91,9405.99.40,940599,hts_2025_revision_14_csv,2025-06-02,25.0
9903.81.91,9406.20.00,940620,hts_2025_revision_14_csv,2025-06-02,25.0
9903.81.91,9406.90.01,940690,hts_2025_revision_14_csv,2025-06-02,25.0
9903.85.02,7601,7601,hts_2025_revision_14_csv,2025-06-02,25.0
9903.85.02,7604,7604,hts_2025_revision_14_csv,2025-06-02,25.0
9903.85.02,7605,7605,hts_2025_revision_14_csv,2025-06-02,25.0
9903.85.02,7606,7606,hts_2025_revision_14_csv,2025-06-02,25.0
9903.85.02,7607,7607,hts_2025_revision_14_csv,2025-06-02,25.0
9903.85.02,7608,7608,hts_2025_revision_14_csv,2025-06-02,25.0
9903.85.02,7609,7609,hts_2025_revision_14_csv,2025-06-02,25.0
9903.85.02,7616.99.51,761699,hts_2025_revision_14_csv,2025-06-02,25.0
9903.85.04,7614.10.50,761410,hts_2025_revision_14_csv,2025-06-02,25.0
9903.85.04,7614.90.20,761490,hts_2025_revision_14_csv,2025-06-02,25.0
9903.85.04,7614.90.40,761490,hts_2025_revision_14_csv,2025-06-02,25.0
9903.85.04,7614.90.50,761490,hts_2025_revision_14_csv,2025-06-02,25.0
9903.85.04,8708.10.30,870810,hts_2025_revision_14_csv,2025-06-02,25.0
9903.85.04,8708.29.21,870829,hts_2025_revision_14_csv,2025-06-02,25.0
9903.85.07,7615.10.2015,761510,hts_2025_revision_14_csv,2025-06-02,25.0
9903.85.07,7615.10.2025,761510,hts_2025_revision_14_csv,2025-06-02,25.0
9903.85.07,7615.10.3015,761510,hts_2025_revision_14_csv,2025-06-02,25.0
9903.85.07,7615.10.3025,761510,hts_2025_revision_14_csv,2025-06-02,25.0
9903.85.07,7615.10.5020,761510,hts_2025_revision_14_csv,2025-06-02,25.0
9903.85.07,7615.10.5040,761510,hts_2025_revision_14_csv,2025-06-02,25.0
9903.85.07,7615.10.7125,761510,hts_2025_revision_14_csv,2025-06-02,25.0
9903.85.07,7615.10.7130,761510,hts_2025_revision_14_csv,2025-06-02,25.0
9903.85.07,7615.10.7155,761510,hts_2025_revision_14_csv,2025-06-02,25.0
9903.85.07,7615.10.7180,761510,hts_2025_revision_14_csv,2025-06-02,25.0
9903.85.07,7615.10.9100,761510,hts_2025_revision_14_csv,2025-06-02,25.0
9903.85.07,7615.20.0000,761520,hts_2025_revision_14_csv,2025-06-02,25.0
9903.85.07,7616.10.9090,761610,hts_2025_revision_14_csv,2025-06-02,25.0
9903.85.07,7616.99.1000,761699,hts_2025_revision_14_csv,2025-06-02,25.0
9903.85.07,7616.99.5130,761699,hts_2025_revision_14_csv,2025-06-02,25.0
9903.85.07,7616.99.5140,761699,hts_2025_revision_14_csv,2025-06-02,25.0
9903.85.08,6603.90.8100,660390,hts_2025_revision_14_csv,2025-06-02,25.0
9903.85.08,8302.10.3000,830210,hts_2025_revision_14_csv,2025-06-02,25.0
9903.85.08,8302.10.6030,830210,hts_2025_revision_14_csv,2025-06-02,25.0
9903.85.08,8302.10.6060,830210,hts_2025_revision_14_csv,2025-06-02,25.0
9903.85.08,8302.10.6090,830210,hts_2025_revision_14_csv,2025-06-02,25.0
9903.85.08,8302.20.0000,830220,hts_2025_revision_14_csv,2025-06-02,25.0
9903.85.08,8302.30.3010,830230,hts_2025_revision_14_csv,2025-06-02,25.0
9903.85.08,8302.30.3060,830230,hts_2025_revision_14_csv,2025-06-02,25.0
9903.85.08,8302.41.3000,830241,hts_2025_revision_14_csv,2025-06-02,25.0
9903.85.08,8302.41.6015,830241,hts_2025_revision_14_csv,2025-06-02,25.0
9903.85.08,8302.41.6045,830241,hts_2025_revision_14_csv,2025-06-02,25.0
9903.85.08,8302.41.6050,830241,hts_2025_revision_14_csv,2025-06-02,25.0
9903.85.08,8302.41.6080,830241,hts_2025_revision_14_csv,2025-06-02,25.0
9903.85.08,8302.42.3010,830242,hts_2025_revision_14_csv,2025-06-02,25.0
9903.85.08,8302.42.3015,830242,hts_2025_revision_14_csv,2025-06-02,25.0
9903.85.08,8302.42.3065,830242,hts_2025_revision_14_csv,2025-06-02,25.0
9903.85.08,8302.49.6035,830249,hts_2025_revision_14_csv,2025-06-02,25.0
9903.85.08,8302.49.6045,830249,hts_2025_revision_14_csv,2025-06-02,25.0
9903.85.08,8302.49.6055,830249,hts_2025_revision_14_csv,2025-06-02,25.0
9903.85.08,8302.49.6085,830249,hts_2025_revision_14_csv,2025-06-02,25.0
9903.85.08,8302.50.0000,830250,hts_2025_revision_14_csv,2025-06-02,25.0
9903.85.08,8302.60.3000,830260,hts_2025_revision_14_csv,2025-06-02,25.0
9903.85.08,8302.60.9000,830260,hts_2025_revision_14_csv,2025-06-02,25.0
9903.85.08,8305.10.0050,830510,hts_2025_revision_14_csv,2025-06-02,25.0
9903.85.08,8306.30.0000,830630,hts_2025_revision_14_csv,2025-06-02,25.0
9903.85.08,8414.59.6590,841459,hts_2025_revision_14_csv,2025-06-02,25.0
9903.85.08,8415.90.8025,841590,hts_2025_revision_14_csv,2025-06-02,25.0
9903.85.08,8415.90.8045,841590,hts_2025_revision_14_csv,2025-06-02,25.0
9903.85.08,8415.90.8085,841590,hts_2025_revision_14_csv,2025-06-02,25.0
9903.85.08,8418.99.8005,841899,hts_2025_revision_14_csv,2025-06-02,25.0
9903.85.08,8418.99.8050,841899,hts_2025_revision_14_csv,2025-06-02,25.0
9903.85.08,8418.99.8060,841899,hts_2025_revision_14_csv,2025-06-02,25.0
9903.85.08,8419.50.5000,841950,hts_2025_revision_14_csv,2025-06-02,25.0
9903.85.08,8419.90.1000,841990,hts_2025_revision_14_csv,2025-06-02,25.0
9903.85.08,8422.90.0640,842290,hts_2025_revision_14_csv,2025-06-02,25.0
9903.85.08,8424.90.9080,842490,hts_2025_revision_14_csv,2025-06-02,25.0
9903.85.08,8473.30.2000,847330,hts_2025_revision_14_csv,2025-06-02,25.0
9903.85.08,8473.30.5100,847330,hts_2025_revision_14_csv,2025-06-02,25.0
9903.85.08,8479.89.9599,847989,hts_2025_revision_14_csv,2025-06-02,25.0
9903.85.08,8479.90.8500,847990,hts_2025_revision_14_csv,2025-06-02,25.0
9903.85.08,8479.90.9596,847990,hts_2025_revision_14_csv,2025-06-02,25.0
9903.85.08,8481.90.9060,848190,hts_2025_revision_14_csv,2025-06-02,25.0
9903.85.08,8481.90.9085,848190,hts_2025_revision_14_csv,2025-06-02,25.0
9903.85.08,8486.90.0000,848690,hts_2025_revision_14_csv,2025-06-02,25.0
9903.85.08,8487.90.0080,848790,hts_2025_revision_14_csv,2025-06-02,25.0
9903.85.08,8503.00.9520,850300,hts_2025_revision_14_csv,2025-06-02,25.0
9903.85.08,8508.70.0000,850870,hts_2025_revision_14_csv,2025-06-02,25.0
9903.85.08,8513.90.2000,851390,hts_2025_revision_14_csv,2025-06-02,25.0
9903.85.08,8515.90.2000,851590,hts_2025_revision_14_csv,2025-06-02,25.0
9903.85.08,8516.90.5000,851690,hts_2025_revision_14_csv,2025-06-02,25.0
9903.85.08,8516.90.8050,851690,hts_2025_revision_14_csv,2025-06-02,25.0
9903.85.08,8517.71.0000,851771,hts_2025_revision_14_csv,2025-06-02,25.0
9903.85.08,8517.79.0000,851779,hts_2025_revision_14_csv,2025-06-02,25.0
9903.85.08,8529.90.7300,852990,hts_2025_revision_14_csv,2025-06-02,25.0
9903.85.08,8529.90.9760,852990,hts_2025_revision_14_csv,2025-06-02,25.0
9903.85.08,8536.90.8585,853690,hts_2025_revision_14_csv,2025-06-02,25.0
9903.85.08,8538.10.0000,853810,hts_2025_revision_14_csv,2025-06-02,25.0
9903.85.08,8541.90.0000,854190,hts_2025_revision_14_csv,2025-06-02,25.0
9903.85.08,8543.90.8885,854390,hts_2025_revision_14_csv,2025-06-02,25.0
9903.85.08,8547.90.0020,854790,hts_2025_revision_14_csv,2025-06-02,25.0
9903.85.08,8547.90.0030,854790,hts_2025_revision_14_csv,2025-06-02,25.0
9903.85.08,8547.90.0040,854790,hts_2025_revision_14_csv,2025-06-02,25.0
9903.85.08,8708.10.3050,870810,hts_2025_revision_14_csv,2025-06-02,25.0
9903.85.08,8708.29.5160,870829,hts_2025_revision_14_csv,2025-06-02,25.0
9903.85.08,8708.80.6590,870880,hts_2025_revision_14_csv,2025-06-02,25.0
9903.85.08,8708.99.6890,870899,hts_2025_revision_14_csv,2025-06-02,25.0
9903.85.08,8716.80.5010,871680,hts_2025_revision_14_csv,2025-06-02,25.0
9903.85.08,8807.30.0060,880730,hts_2025_revision_14_csv,2025-06-02,25.0
9903.85.08,9013.90.8000,901390,hts_2025_revision_14_csv,2025-06-02,25.0
9903.85.08,9031.90.9195,903190,hts_2025_revision_14_csv,2025-06-02,25.0
9903.85.08,9401.99.9081,940199,hts_2025_revision_14_csv,2025-06-02,25.0
9903.85.08,9403.99.1040,940399,hts_2025_revision_14_csv,2025-06-02,25.0
9903.85.08,9403.99.9010,940399,hts_2025_revision_14_csv,2025-06-02,25.0
9903.85.08,9403.99.9015,940399,hts_2025_revision_14_csv,2025-06-02,25.0
9903.85.08,9403.99.9020,940399,hts_2025_revision_14_csv,2025-06-02,25.0
9903.85.08,9403.99.9040,940399,hts_2025_revision_14_csv,2025-06-02,25.0
9903.85.08,9403.99.9045,940399,hts_2025_revision_14_csv,2025-06-02,25.0
9903.85.08,9405.99.4020,940599,hts_2025_revision_14_csv,2025-06-02,25.0
9903.85.08,9506.11.4080,950611,hts_2025_revision_14_csv,2025-06-02,25.0
9903.85.08,9506.51.4000,950651,hts_2025_revision_14_csv,2025-06-02,25.0
9903.85.08,9506.51.6000,950651,hts_2025_revision_14_csv,2025-06-02,25.0
9903.85.08,9506.59.4040,950659,hts_2025_revision_14_csv,2025-06-02,25.0
9903.85.08,9506.70.2090,950670,hts_2025_revision_14_csv,2025-06-02,25.0
9903.85.08,9506.91.0010,950691,hts_2025_revision_14_csv,2025-06-02,25.0
9903.85.08,9506.91.0020,950691,hts_2025_revision_14_csv,2025-06-02,25.0
9903.85.08,9506.91.0030,950691,hts_2025_revision_14_csv,2025-06-02,25.0
9903.85.08,9506.99.0510,950699,hts_2025_revision_14_csv,2025-06-02,25.0
9903.85.08,9506.99.0520,950699,hts_2025_revision_14_csv,2025-06-02,25.0
9903.85.08,9506.99.0530,950699,hts_2025_revision_14_csv,2025-06-02,25.0
9903.85.08,9506.99.1500,950699,hts_2025_revision_14_csv,2025-06-02,25.0
9903.85.08,9506.99.2000,950699,hts_2025_revision_14_csv,2025-06-02,25.0
9903.85.08,9506.99.2580,950699,hts_2025_revision_14_csv,2025-06-02,25.0
9903.85.08,9506.99.2800,950699,hts_2025_revision_14_csv,2025-06-02,25.0
9903.85.08,9506.99.5500,950699,hts_2025_revision_14_csv,2025-06-02,25.0
9903.85.08,9506.99.6080,950699,hts_2025_revision_14_csv,2025-06-02,25.0
9903.85.08,9507.30.2000,950730,hts_2025_revision_14_csv,2025-06-02,25.0
9903.85.08,9507.30.4000,950730,hts_2025_revision_14_csv,2025-06-02,25.0
9903.85.08,9507.30.6000,950730,hts_2025_revision_14_csv,2025-06-02,25.0
9903.85.08,9507.30.8000,950730,hts_2025_revision_14_csv,2025-06-02,25.0
9903.85.08,9507.90.6000,950790,hts_2025_revision_14_csv,2025-06-02,25.0
9903.78.01,7407.10.15,740710,hts_2025_revision_17_csv,2025-08-01,50.0
9903.78.01,7406.20.00,740620,hts_2025_revision_17_csv,2025-08-01,50.0
9903.78.01,7406.10.00,740610,hts_2025_revision_17_csv,2025-08-01,50.0
9903.78.01,7407.21.15,740721,hts_2025_revision_17_csv,2025-08-01,50.0
9903.78.01,7407.10.50,740710,hts_2025_revision_17_csv,2025-08-01,50.0
9903.78.01,7407.10.30,740710,hts_2025_revision_17_csv,2025-08-01,50.0
9903.78.01,7407.21.70,740721,hts_2025_revision_17_csv,2025-08-01,50.0
9903.78.01,7407.21.50,740721,hts_2025_revision_17_csv,2025-08-01,50.0
9903.78.01,7407.21.30,740721,hts_2025_revision_17_csv,2025-08-01,50.0
9903.78.01,7407.29.34,740729,hts_2025_revision_17_csv,2025-08-01,50.0
9903.78.01,7407.29.16,740729,hts_2025_revision_17_csv,2025-08-01,50.0
9903.78.01,7407.21.90,740721,hts_2025_revision_17_csv,2025-08-01,50.0
9903.78.01,7407.29.50,740729,hts_2025_revision_17_csv,2025-08-01,50.0
9903.78.01,7407.29.40,740729,hts_2025_revision_17_csv,2025-08-01,50.0
9903.78.01,7407.29.38,740729,hts_2025_revision_17_csv,2025-08-01,50.0
9903.78.01,7408.19.00,740819,hts_2025_revision_17_csv,2025-08-01,50.0
9903.78.01,7408.11.60,740811,hts_2025_revision_17_csv,2025-08-01,50.0
9903.78.01,7408.11.30,740811,hts_2025_revision_17_csv,2025-08-01,50.0
9903.78.01,7408.22.50,740822,hts_2025_revision_17_csv,2025-08-01,50.0
9903.78.01,7408.22.10,740822,hts_2025_revision_17_csv,2025-08-01,50.0
9903.78.01,7408.21.00,740821,hts_2025_revision_17_csv,2025-08-01,50.0
9903.78.01,7409.11.10,740911,hts_2025_revision_17_csv,2025-08-01,50.0
9903.78.01,7408.29.50,740829,hts_2025_revision_17_csv,2025-08-01,50.0
9903.78.01,7408.29.10,740829,hts_2025_revision_17_csv,2025-08-01,50.0
9903.78.01,7409.19.50,740919,hts_2025_revision_17_csv,2025-08-01,50.0
9903.78.01,7409.19.10,740919,hts_2025_revision_17_csv,2025-08-01,50.0
9903.78.01,7409.11.50,740911,hts_2025_revision_17_csv,2025-08-01,50.0
9903.78.01,7409.29.00,740929,hts_2025_revision_17_csv,2025-08-01,50.0
9903.78.01,7409.21.00,740921,hts_2025_revision_17_csv,2025-08-01,50.0
9903.78.01,7409.19.90,740919,hts_2025_revision_17_csv,2025-08-01,50.0
9903.78.01,7409.31.90,740931,hts_2025_revision_17_csv,2025-08-01,50.0
9903.78.01,7409.31.50,740931,hts_2025_revision_17_csv,2025-08-01,50.0
9903.78.01,7409.31.10,740931,hts_2025_revision_17_csv,2025-08-01,50.0
9903.78.01,7409.39.90,740939,hts_2025_revision_17_csv,2025-08-01,50.0
9903.78.01,7409.39.50,740939,hts_2025_revision_17_csv,2025-08-01,50.0
9903.78.01,7409.39.10,740939,hts_2025_revision_17_csv,2025-08-01,50.0
9903.78.01,7409.90.50,740990,hts_2025_revision_17_csv,2025-08-01,50.0
9903.78.01,7409.90.10,740990,hts_2025_revision_17_csv,2025-08-01,50.0
9903.78.01,7409.40.00,740940,hts_2025_revision_17_csv,2025-08-01,50.0
9903.78.01,7410.12.00,741012,hts_2025_revision_17_csv,2025-08-01,50.0
9903.78.01,7410.11.00,741011,hts_2025_revision_17_csv,2025-08-01,50.0
9903.78.01,7409.90.90,740990,hts_2025_revision_17_csv,2025-08-01,50.0
9903.78.01,7410.22.00,741022,hts_2025_revision_17_csv,2025-08-01,50.0
9903.78.01,7410.21.60,741021,hts_2025_revision_17_csv,2025-08-01,50.0
9903.78.01,7410.21.30,741021,hts_2025_revision_17_csv,2025-08-01,50.0
9903.78.01,7411.21.10,741121,hts_2025_revision_17_csv,2025-08-01,50.0
9903.78.01,7411.10.50,741110,hts_2025_revision_17_csv,2025-08-01,50.0
9903.78.01,7411.10.10,741110,hts_2025_revision_17_csv,2025-08-01,50.0
9903.78.01,7411.29.10,741129,hts_2025_revision_17_csv,2025-08-01,50.0
9903.78.01,7411.22.00,741122,hts_2025_revision_17_csv,2025-08-01,50.0
9903.78.01,7411.21.50,741121,hts_2025_revision_17_csv,2025-08-01,50.0
9903.78.01,7412.20.00,741220,hts_2025_revision_17_csv,2025-08-01,50.0
9903.78.01,7412.10.00,741210,hts_2025_revision_17_csv,2025-08-01,50.0
9903.78.01,7411.29.50,741129,hts_2025_revision_17_csv,2025-08-01,50.0
9903.78.01,7413.00.90,741300,hts_2025_revision_17_csv,2025-08-01,50.0
9903.78.01,7413.00.50,741300,hts_2025_revision_17_csv,2025-08-01,50.0
9903.78.01,7413.00.10,741300,hts_2025_revision_17_csv,2025-08-01,50.0
9903.78.01,7415.29.00,741529,hts_2025_revision_17_csv,2025-08-01,50.0
9903.78.01,7415.21.00,741521,hts_2025_revision_17_csv,2025-08-01,50.0
9903.78.01,7415.10.00,741510,hts_2025_revision_17_csv,2025-08-01,50.0
9903.78.01,7415.33.80,741533,hts_2025_revision_17_csv,2025-08-01,50.0
9903.78.01,7415.33.10,741533,hts_2025_revision_17_csv,2025-08-01,50.0
9903.78.01,7415.33.05,741533,hts_2025_revision_17_csv,2025-08-01,50.0
9903.78.01,7418.20.10,741820,hts_2025_revision_17_csv,2025-08-01,50.0
9903.78.01,7418.10.00,741810,hts_2025_revision_17_csv,2025-08-01,50.0
9903.78.01,7415.39.00,741539,hts_2025_revision_17_csv,2025-08-01,50.0
9903.78.01,7419.80.03,741980,hts_2025_revision_17_csv,2025-08-01,50.0
9903.78.01,7419.20.00,741920,hts_2025_revision_17_csv,2025-08-01,50.0
9903.78.01,7418.20.50,741820,hts_2025_revision_17_csv,2025-08-01,50.0
9903.78.01,7419.80.15,741980,hts_2025_revision_17_csv,2025-08-01,50.0
9903.78.01,7419.80.09,741980,hts_2025_revision_17_csv,2025-08-01,50.0
9903.78.01,7419.80.06,741980,hts_2025_revision_17_csv,2025-08-01,50.0
9903.78.01,7419.80.30,741980,hts_2025_revision_17_csv,2025-08-01,50.0
9903.78.01,7419.80.17,741980,hts_2025_revision_17_csv,2025-08-01,50.0
9903.78.01,7419.80.16,741980,hts_2025_revision_17_csv,2025-08-01,50.0
9903.78.01,8544.42.20,854442,hts_2025_revision_17_csv,2025-08-01,50.0
9903.78.01,8544.42.10,854442,hts_2025_revision_17_csv,2025-08-01,50.0
9903.78.01,7419.80.50,741980,hts_2025_revision_17_csv,2025-08-01,50.0
9903.78.01,8544.49.10,854449,hts_2025_revision_17_csv,2025-08-01,50.0
9903.78.01,8544.42.90,854442,hts_2025_revision_17_csv,2025-08-01,50.0
9903.94.51,8703.22.01,870322,hts_2025_revision_24_csv,2025-09-25,15.0
9903.94.51,8703.23.01,870323,hts_2025_revision_24_csv,2025-09-25,15.0
9903.94.51,8703.24.01,870324,hts_2025_revision_24_csv,2025-09-25,15.0
9903.94.51,8703.31.01,870331,hts_2025_revision_24_csv,2025-09-25,15.0
9903.94.51,8703.32.01,870332,hts_2025_revision_24_csv,2025-09-25,15.0
9903.94.51,8703.33.01,870333,hts_2025_revision_24_csv,2025-09-25,15.0
9903.94.51,8703.40.00,870340,hts_2025_revision_24_csv,2025-09-25,15.0
9903.94.51,8703.50.00,870350,hts_2025_revision_24_csv,2025-09-25,15.0
9903.94.51,8703.60.00,870360,hts_2025_revision_24_csv,2025-09-25,15.0
9903.94.51,8703.70.00,870370,hts_2025_revision_24_csv,2025-09-25,15.0
9903.94.51,8703.80.00,870380,hts_2025_revision_24_csv,2025-09-25,15.0
9903.94.51,8703.90.01,870390,hts_2025_revision_24_csv,2025-09-25,15.0
9903.94.51,8704.21.01,870421,hts_2025_revision_24_csv,2025-09-25,15.0
9903.94.51,8704.31.01,870431,hts_2025_revision_24_csv,2025-09-25,15.0
9903.94.51,8704.41.00,870441,hts_2025_revision_24_csv,2025-09-25,15.0
9903.94.51,8704.51.00,870451,hts_2025_revision_24_csv,2025-09-25,15.0
9903.94.51,8704.60.00,870460,hts_2025_revision_24_csv,2025-09-25,15.0
9903.94.53,4009.12.0020,400912,hts_2025_revision_24_csv,2025-09-25,15.0
9903.94.53,4009.22.0020,400922,hts_2025_revision_24_csv,2025-09-25,15.0
9903.94.53,4009.32.0020,400932,hts_2025_revision_24_csv,2025-09-25,15.0
9903.94.53,4009.42.0020,400942,hts_2025_revision_24_csv,2025-09-25,15.0
9903.94.53,4011.10.10,401110,hts_2025_revision_24_csv,2025-09-25,15.0
9903.94.53,4011.10.50,401110,hts_2025_revision_24_csv,2025-09-25,15.0
9903.94.53,4011.20.10,401120,hts_2025_revision_24_csv,2025-09-25,15.0
9903.94.53,4012.19.40,401219,hts_2025_revision_24_csv,2025-09-25,15.0
9903.94.53,4012.19.80,401219,hts_2025_revision_24_csv,2025-09-25,15.0
9903.94.53,4012.20.60,401220,hts_2025_revision_24_csv,2025-09-25,15.0
9903.94.53,4013.10.0010,401310,hts_2025_revision_24_csv,2025-09-25,15.0
9903.94.53,4013.10.0020,401310,hts_2025_revision_24_csv,2025-09-25,15.0
9903.94.53,4016.99.6010,401699,hts_2025_revision_24_csv,2025-09-25,15.0
9903.94.53,7007.21.51,700721,hts_2025_revision_24_csv,2025-09-25,15.0
9903.94.53,7009.10.00,700910,hts_2025_revision_24_csv,2025-09-25,15.0
9903.94.53,7320.10,732010,hts_2025_revision_24_csv,2025-09-25,15.0
9903.94.53,7320.20.10,732020,hts_2025_revision_24_csv,2025-09-25,15.0
9903.94.53,8301.20.00,830120,hts_2025_revision_24_csv,2025-09-25,15.0
9903.94.53,8302.10.30,830210,hts_2025_revision_24_csv,2025-09-25,15.0
9903.94.53,8302.30,830230,hts_2025_revision_24_csv,2025-09-25,15.0
9903.94.53,8407.31.00,840731,hts_2025_revision_24_csv,2025-09-25,15.0
9903.94.53,8407.32,840732,hts_2025_revision_24_csv,2025-09-25,15.0
9903.94.53,8407.33,840733,hts_2025_revision_24_csv,2025-09-25,15.0
9903.94.53,8407.34,840734,hts_2025_revision_24_csv,2025-09-25,15.0
9903.94.53,8408.20.20,840820,hts_2025_revision_24_csv,2025-09-25,15.0
9903.94.53,8409.91.1040,840991,hts_2025_revision_24_csv,2025-09-25,15.0
9903.94.53,8409.99.1040,840999,hts_2025_revision_24_csv,2025-09-25,15.0
9903.94.53,8413.30.10,841330,hts_2025_revision_24_csv,2025-09-25,15.0
9903.94.53,8413.30.90,841330,hts_2025_revision_24_csv,2025-09-25,15.0
9903.94.53,8413.91.10,841391,hts_2025_revision_24_csv,2025-09-25,15.0
9903.94.53,8413.91.9010,841391,hts_2025_revision_24_csv,2025-09-25,15.0
9903.94.53,8414.30.8030,841430,hts_2025_revision_24_csv,2025-09-25,15.0
9903.94.53,8414.59.30,841459,hts_2025_revision_24_csv,2025-09-25,15.0
9903.94.53,8414.59.6540,841459,hts_2025_revision_24_csv,2025-09-25,15.0
9903.94.53,8414.80.05,841480,hts_2025_revision_24_csv,2025-09-25,15.0
9903.94.53,8415.20.00,841520,hts_2025_revision_24_csv,2025-09-25,15.0
9903.94.53,8421.23.00,842123,hts_2025_revision_24_csv,2025-09-25,15.0
9903.94.53,8421.32.00,842132,hts_2025_revision_24_csv,2025-09-25,15.0
9903.94.53,8425.49.00,842549,hts_2025_revision_24_csv,2025-09-25,15.0
9903.94.53,8426.91.00,842691,hts_2025_revision_24_csv,2025-09-25,15.0
9903.94.53,8431.10.0090,843110,hts_2025_revision_24_csv,2025-09-25,15.0
9903.94.53,8471,8471,hts_2025_revision_24_csv,2025-09-25,15.0
9903.94.53,8482.10.10,848210,hts_2025_revision_24_csv,2025-09-25,15.0
9903.94.53,8482.10.5044,848210,hts_2025_revision_24_csv,2025-09-25,15.0
9903.94.53,8482.10.5048,848210,hts_2025_revision_24_csv,2025-09-25,15.0
9903.94.53,8482.20.0020,848220,hts_2025_revision_24_csv,2025-09-25,15.0
9903.94.53,8482.20.0030,848220,hts_2025_revision_24_csv,2025-09-25,15.0
9903.94.53,8482.20.0040,848220,hts_2025_revision_24_csv,2025-09-25,15.0
9903.94.53,8482.20.0061,848220,hts_2025_revision_24_csv,2025-09-25,15.0
9903.94.53,8482.20.0070,848220,hts_2025_revision_24_csv,2025-09-25,15.0
9903.94.53,8482.20.0081,848220,hts_2025_revision_24_csv,2025-09-25,15.0
9903.94.53,8482.40.00,848240,hts_2025_revision_24_csv,2025-09-25,15.0
9903.94.53,8482.50.00,848250,hts_2025_revision_24_csv,2025-09-25,15.0
9903.94.53,8483.10.1030,848310,hts_2025_revision_24_csv,2025-09-25,15.0
9903.94.53,8483.10.30,848310,hts_2025_revision_24_csv,2025-09-25,15.0
9903.94.53,8501.32,850132,hts_2025_revision_24_csv,2025-09-25,15.0
9903.94.53,8501.33,850133,hts_2025_revision_24_csv,2025-09-25,15.0
9903.94.53,8501.34,850134,hts_2025_revision_24_csv,2025-09-25,15.0
9903.94.53,8501.40,850140,hts_2025_revision_24_csv,2025-09-25,15.0
9903.94.53,8501.51,850151,hts_2025_revision_24_csv,2025-09-25,15.0
9903.94.53,8501.52,850152,hts_2025_revision_24_csv,2025-09-25,15.0
9903.94.53,8507.10,850710,hts_2025_revision_24_csv,2025-09-25,15.0
9903.94.53,8507.60,850760,hts_2025_revision_24_csv,2025-09-25,15.0
9903.94.53,8507.90.40,850790,hts_2025_revision_24_csv,2025-09-25,15.0
9903.94.53,8507.90.80,850790,hts_2025_revision_24_csv,2025-09-25,15.0
9903.94.53,8511.10.0000,851110,hts_2025_revision_24_csv,2025-09-25,15.0
9903.94.53,8511.20.00,851120,hts_2025_revision_24_csv,2025-09-25,15.0
9903.94.53,8511.30.0040,851130,hts_2025_revision_24_csv,2025-09-25,15.0
9903.94.53,8511.30.0080,851130,hts_2025_revision_24_csv,2025-09-25,15.0
9903.94.53,8511.40.00,851140,hts_2025_revision_24_csv,2025-09-25,15.0
9903.94.53,8511.50.00,851150,hts_2025_revision_24_csv,2025-09-25,15.0
9903.94.53,8511.80.20,851180,hts_2025_revision_24_csv,2025-09-25,15.0
9903.94.53,8511.80.60,851180,hts_2025_revision_24_csv,2025-09-25,15.0
9903.94.53,8511.90.6020,851190,hts_2025_revision_24_csv,2025-09-25,15.0
9903.94.53,8511.90.6040,851190,hts_2025_revision_24_csv,2025-09-25,15.0
9903.94.53,8512.20.20,851220,hts_2025_revision_24_csv,2025-09-25,15.0
9903.94.53,8512.20.40,851220,hts_2025_revision_24_csv,2025-09-25,15.0
9903.94.53,8512.30.00,851230,hts_2025_revision_24_csv,2025-09-25,15.0
9903.94.53,8512.40.20,851240,hts_2025_revision_24_csv,2025-09-25,15.0
9903.94.53,8512.40.40,851240,hts_2025_revision_24_csv,2025-09-25,15.0
9903.94.53,8512.90.20,851290,hts_2025_revision_24_csv,2025-09-25,15.0
9903.94.53,8512.90.60,851290,hts_2025_revision_24_csv,2025-09-25,15.0
9903.94.53,8512.90.70,851290,hts_2025_revision_24_csv,2025-09-25,15.0
9903.94.53,8519.81.20,851981,hts_2025_revision_24_csv,2025-09-25,15.0
9903.94.53,8525.60.1010,852560,hts_2025_revision_24_csv,2025-09-25,15.0
9903.94.53,8527.21,852721,hts_2025_revision_24_csv,2025-09-25,15.0
9903.94.53,8527.29,852729,hts_2025_revision_24_csv,2025-09-25,15.0
9903.94.53,8536.41.0005,853641,hts_2025_revision_24_csv,2025-09-25,15.0
9903.94.53,8537.10,853710,hts_2025_revision_24_csv,2025-09-25,15.0
9903.94.53,8537.20,853720,hts_2025_revision_24_csv,2025-09-25,15.0
9903.94.53,8539.10.0010,853910,hts_2025_revision_24_csv,2025-09-25,15.0
9903.94.53,8539.10.0050,853910,hts_2025_revision_24_csv,2025-09-25,15.0
9903.94.53,8544.30.00,854430,hts_2025_revision_24_csv,2025-09-25,15.0
9903.94.53,8706.00.03,870600,hts_2025_revision_24_csv,2025-09-25,15.0
9903.94.53,8706.00.05,870600,hts_2025_revision_24_csv,2025-09-25,15.0
9903.94.53,8706.00.15,870600,hts_2025_revision_24_csv,2025-09-25,15.0
9903.94.53,8706.00.25,870600,hts_2025_revision_24_csv,2025-09-25,15.0
9903.94.53,8707,8707,hts_2025_revision_24_csv,2025-09-25,15.0
9903.94.53,8707.10.0020,870710,hts_2025_revision_24_csv,2025-09-25,15.0
9903.94.53,8707.10.0040,870710,hts_2025_revision_24_csv,2025-09-25,15.0
9903.94.53,8707.90.5020,870790,hts_2025_revision_24_csv,2025-09-25,15.0
9903.94.53,8707.90.5040,870790,hts_2025_revision_24_csv,2025-09-25,15.0
9903.94.53,8707.90.5060,870790,hts_2025_revision_24_csv,2025-09-25,15.0
9903.94.53,8707.90.5080,870790,hts_2025_revision_24_csv,2025-09-25,15.0
9903.94.53,8708.10.30,870810,hts_2025_revision_24_csv,2025-09-25,15.0
9903.94.53,8708.10.60,870810,hts_2025_revision_24_csv,2025-09-25,15.0
9903.94.53,8708.21.00,870821,hts_2025_revision_24_csv,2025-09-25,15.0
9903.94.53,8708.22,870822,hts_2025_revision_24_csv,2025-09-25,15.0
9903.94.53,8708.29,870829,hts_2025_revision_24_csv,2025-09-25,15.0
9903.94.53,8708.30,870830,hts_2025_revision_24_csv,2025-09-25,15.0
9903.94.53,8708.40.11,870840,hts_2025_revision_24_csv,2025-09-25,15.0
9903.94.53,8708.40.70,870840,hts_2025_revision_24_csv,2025-09-25,15.0
9903.94.53,8708.40.75,870840,hts_2025_revision_24_csv,2025-09-25,15.0
9903.94.53,8708.50,870850,hts_2025_revision_24_csv,2025-09-25,15.0
9903.94.53,8708.70,870870,hts_2025_revision_24_csv,2025-09-25,15.0
9903.94.53,8708.80,870880,hts_2025_revision_24_csv,2025-09-25,15.0
9903.94.53,8708.91,870891,hts_2025_revision_24_csv,2025-09-25,15.0
9903.94.53,8708.93.60,870893,hts_2025_revision_24_csv,2025-09-25,15.0
9903.94.53,8708.93.75,870893,hts_2025_revision_24_csv,2025-09-25,15.0
9903.94.53,8708.94,870894,hts_2025_revision_24_csv,2025-09-25,15.0
9903.94.53,8708.95,870895,hts_2025_revision_24_csv,2025-09-25,15.0
9903.94.53,8708.99.53,870899,hts_2025_revision_24_csv,2025-09-25,15.0
9903.94.53,8708.99.55,870899,hts_2025_revision_24_csv,2025-09-25,15.0
9903.94.53,8708.99.58,870899,hts_2025_revision_24_csv,2025-09-25,15.0
9903.94.53,8708.99.68,870899,hts_2025_revision_24_csv,2025-09-25,15.0
9903.94.53,8716.90.50,871690,hts_2025_revision_24_csv,2025-09-25,15.0
9903.94.53,9015.10,901510,hts_2025_revision_24_csv,2025-09-25,15.0
9903.94.53,9029.10,902910,hts_2025_revision_24_csv,2025-09-25,15.0
9903.94.53,9029.20.4080,902920,hts_2025_revision_24_csv,2025-09-25,15.0
9903.94.53,9401.20.00,940120,hts_2025_revision_24_csv,2025-09-25,15.0
9903.76.01,7407.10.15,740710,hts_2025_revision_25_csv,2025-10-13,10.0
9903.76.01,7406.20.00,740620,hts_2025_revision_25_csv,2025-10-13,10.0
9903.76.01,7406.10.00,740610,hts_2025_revision_25_csv,2025-10-13,10.0
9903.76.01,7407.21.15,740721,hts_2025_revision_25_csv,2025-10-13,10.0
9903.76.01,7407.10.50,740710,hts_2025_revision_25_csv,2025-10-13,10.0
9903.76.01,7407.10.30,740710,hts_2025_revision_25_csv,2025-10-13,10.0
9903.76.01,7407.21.70,740721,hts_2025_revision_25_csv,2025-10-13,10.0
9903.76.01,7407.21.50,740721,hts_2025_revision_25_csv,2025-10-13,10.0
9903.76.01,7407.21.30,740721,hts_2025_revision_25_csv,2025-10-13,10.0
9903.76.01,7407.29.34,740729,hts_2025_revision_25_csv,2025-10-13,10.0
9903.76.01,7407.29.16,740729,hts_2025_revision_25_csv,2025-10-13,10.0
9903.76.01,7407.21.90,740721,hts_2025_revision_25_csv,2025-10-13,10.0
9903.76.01,7407.29.50,740729,hts_2025_revision_25_csv,2025-10-13,10.0
9903.76.01,7407.29.40,740729,hts_2025_revision_25_csv,2025-10-13,10.0
9903.76.01,7407.29.38,740729,hts_2025_revision_25_csv,2025-10-13,10.0
9903.76.01,7408.19.00,740819,hts_2025_revision_25_csv,2025-10-13,10.0
9903.76.01,7408.11.60,740811,hts_2025_revision_25_csv,2025-10-13,10.0
9903.76.01,7408.11.30,740811,hts_2025_revision_25_csv,2025-10-13,10.0
9903.76.01,7408.22.50,740822,hts_2025_revision_25_csv,2025-10-13,10.0
9903.76.01,7408.22.10,740822,hts_2025_revision_25_csv,2025-10-13,10.0
9903.76.01,7408.21.00,740821,hts_2025_revision_25_csv,2025-10-13,10.0
9903.76.01,7409.11.10,740911,hts_2025_revision_25_csv,2025-10-13,10.0
9903.76.01,7408.29.50,740829,hts_2025_revision_25_csv,2025-10-13,10.0
9903.76.01,7408.29.10,740829,hts_2025_revision_25_csv,2025-10-13,10.0
9903.76.01,7409.19.50,740919,hts_2025_revision_25_csv,2025-10-13,10.0
9903.76.01,7409.19.10,740919,hts_2025_revision_25_csv,2025-10-13,10.0
9903.76.01,7409.11.50,740911,hts_2025_revision_25_csv,2025-10-13,10.0
9903.76.01,7409.29.00,740929,hts_2025_revision_25_csv,2025-10-13,10.0
9903.76.01,7409.21.00,740921,hts_2025_revision_25_csv,2025-10-13,10.0
9903.76.01,7409.19.90,740919,hts_2025_revision_25_csv,2025-10-13,10.0
9903.76.01,7409.31.90,740931,hts_2025_revision_25_csv,2025-10-13,10.0
9903.76.01,7409.31.50,740931,hts_2025_revision_25_csv,2025-10-13,10.0
9903.76.01,7409.31.10,740931,hts_2025_revision_25_csv,2025-10-13,10.0
9903.76.01,7409.39.90,740939,hts_2025_revision_25_csv,2025-10-13,10.0
9903.76.01,7409.39.50,740939,hts_2025_revision_25_csv,2025-10-13,10.0
9903.76.01,7409.39.10,740939,hts_2025_revision_25_csv,2025-10-13,10.0
9903.76.01,7409.90.50,740990,hts_2025_revision_25_csv,2025-10-13,10.0
9903.76.01,7409.90.10,740990,hts_2025_revision_25_csv,2025-10-13,10.0
9903.76.01,7409.40.00,740940,hts_2025_revision_25_csv,2025-10-13,10.0
9903.76.01,7410.12.00,741012,hts_2025_revision_25_csv,2025-10-13,10.0
9903.76.01,7410.11.00,741011,hts_2025_revision_25_csv,2025-10-13,10.0
9903.76.01,7409.90.90,740990,hts_2025_revision_25_csv,2025-10-13,10.0
9903.76.01,7410.22.00,741022,hts_2025_revision_25_csv,2025-10-13,10.0
9903.76.01,7410.21.60,741021,hts_2025_revision_25_csv,2025-10-13,10.0
9903.76.01,7410.21.30,741021,hts_2025_revision_25_csv,2025-10-13,10.0
9903.76.01,7411.21.10,741121,hts_2025_revision_25_csv,2025-10-13,10.0
9903.76.01,7411.10.50,741110,hts_2025_revision_25_csv,2025-10-13,10.0
9903.76.01,7411.10.10,741110,hts_2025_revision_25_csv,2025-10-13,10.0
9903.76.01,7411.29.10,741129,hts_2025_revision_25_csv,2025-10-13,10.0
9903.76.01,7411.22.00,741122,hts_2025_revision_25_csv,2025-10-13,10.0
9903.76.01,7411.21.50,741121,hts_2025_revision_25_csv,2025-10-13,10.0
9903.76.01,7412.20.00,741220,hts_2025_revision_25_csv,2025-10-13,10.0
9903.76.01,7412.10.00,741210,hts_2025_revision_25_csv,2025-10-13,10.0
9903.76.01,7411.29.50,741129,hts_2025_revision_25_csv,2025-10-13,10.0
9903.76.01,7413.00.90,741300,hts_2025_revision_25_csv,2025-10-13,10.0
9903.76.01,7413.00.50,741300,hts_2025_revision_25_csv,2025-10-13,10.0
9903.76.01,7413.00.10,741300,hts_2025_revision_25_csv,2025-10-13,10.0
9903.76.01,7415.29.00,741529,hts_2025_revision_25_csv,2025-10-13,10.0
9903.76.01,7415.21.00,741521,hts_2025_revision_25_csv,2025-10-13,10.0
9903.76.01,7415.10.00,741510,hts_2025_revision_25_csv,2025-10-13,10.0
9903.76.01,7415.33.80,741533,hts_2025_revision_25_csv,2025-10-13,10.0
9903.76.01,7415.33.10,741533,hts_2025_revision_25_csv,2025-10-13,10.0
9903.76.01,7415.33.05,741533,hts_2025_revision_25_csv,2025-10-13,10.0
9903.76.01,7418.20.10,741820,hts_2025_revision_25_csv,2025-10-13,10.0
9903.76.01,7418.10.00,741810,hts_2025_revision_25_csv,2025-10-13,10.0
9903.76.01,7415.39.00,741539,hts_2025_revision_25_csv,2025-10-13,10.0
9903.76.01,7419.80.03,741980,hts_2025_revision_25_csv,2025-10-13,10.0
9903.76.01,7419.20.00,741920,hts_2025_revision_25_csv,2025-10-13,10.0
9903.76.01,7418.20.50,741820,hts_2025_revision_25_csv,2025-10-13,10.0
9903.76.01,7419.80.15,741980,hts_2025_revision_25_csv,2025-10-13,10.0
9903.76.01,7419.80.09,741980,hts_2025_revision_25_csv,2025-10-13,10.0
9903.76.01,7419.80.06,741980,hts_2025_revision_25_csv,2025-10-13,10.0
9903.76.01,7419.80.30,741980,hts_2025_revision_25_csv,2025-10-13,10.0
9903.76.01,7419.80.17,741980,hts_2025_revision_25_csv,2025-10-13,10.0
9903.76.01,7419.80.16,741980,hts_2025_revision_25_csv,2025-10-13,10.0
9903.76.01,8544.42.20,854442,hts_2025_revision_25_csv,2025-10-13,10.0
9903.76.01,8544.42.10,854442,hts_2025_revision_25_csv,2025-10-13,10.0
9903.76.01,7419.80.50,741980,hts_2025_revision_25_csv,2025-10-13,10.0
9903.76.01,8544.49.10,854449,hts_2025_revision_25_csv,2025-10-13,10.0
9903.76.01,8544.42.90,854442,hts_2025_revision_25_csv,2025-10-13,10.0
9903.76.02,9401.61.4011,940161,hts_2025_revision_25_csv,2025-10-13,25.0
9903.76.02,9401.61.4031,940161,hts_2025_revision_25_csv,2025-10-13,25.0
9903.76.02,9401.61.6011,940161,hts_2025_revision_25_csv,2025-10-13,25.0
9903.76.02,9401.61.6031,940161,hts_2025_revision_25_csv,2025-10-13,25.0
9903.76.03,9403.40.9060,940340,hts_2025_revision_25_csv,2025-10-13,25.0
9903.76.03,9403.60.8093,940360,hts_2025_revision_25_csv,2025-10-13,25.0
9903.76.03,9403.91.0080,940391,hts_2025_revision_25_csv,2025-10-13,25.0
9903.76.22,9401.61.4011,940161,hts_2025_revision_25_csv,2025-10-13,15.0
9903.76.22,9401.61.4031,940161,hts_2025_revision_25_csv,2025-10-13,15.0
9903.76.22,9401.61.6011,940161,hts_2025_revision_25_csv,2025-10-13,15.0
9903.76.22,9401.61.6031,940161,hts_2025_revision_25_csv,2025-10-13,15.0
9903.76.22,9403.40.9060,940340,hts_2025_revision_25_csv,2025-10-13,15.0
9903.76.22,9403.60.8093,940360,hts_2025_revision_25_csv,2025-10-13,15.0
9903.76.22,9403.91.0080,940391,hts_2025_revision_25_csv,2025-10-13,15.0
9903.81.87,7208,7208,hts_2025_revision_4_csv,2025-03-11,25.0
9903.81.87,7209,7209,hts_2025_revision_4_csv,2025-03-11,25.0
9903.81.87,7210,7210,hts_2025_revision_4_csv,2025-03-11,25.0
9903.81.87,7211,7211,hts_2025_revision_4_csv,2025-03-11,25.0
9903.81.87,7212,7212,hts_2025_revision_4_csv,2025-03-11,25.0
9903.81.87,7225,7225,hts_2025_revision_4_csv,2025-03-11,25.0
9903.81.87,7226,7226,hts_2025_revision_4_csv,2025-03-11,25.0
9903.81.87,7213,7213,hts_2025_revision_4_csv,2025-03-11,25.0
9903.81.87,7214,7214,hts_2025_revision_4_csv,2025-03-11,25.0
9903.81.87,7215,7215,hts_2025_revision_4_csv,2025-03-11,25.0
9903.81.87,7227,7227,hts_2025_revision_4_csv,2025-03-11,25.0
9903.81.87,7228,7228,hts_2025_revision_4_csv,2025-03-11,25.0
9903.81.87,7216,7216,hts_2025_revision_4_csv,2025-03-11,25.0
9903.81.87,7216.61.00,721661,hts_2025_revision_4_csv,2025-03-11,25.0
9903.81.87,7216.69.00,721669,hts_2025_revision_4_csv,2025-03-11,25.0
9903.81.87,7216.91.00,721691,hts_2025_revision_4_csv,2025-03-11,25.0
9903.81.87,7217,7217,hts_2025_revision_4_csv,2025-03-11,25.0
9903.81.87,7229,7229,hts_2025_revision_4_csv,2025-03-11,25.0
9903.81.87,7301.10.00,730110,hts_2025_revision_4_csv,2025-03-11,25.0
9903.81.87,7302.10,730210,hts_2025_revision_4_csv,2025-03-11,25.0
9903.81.87,7302.40.00,730240,hts_2025_revision_4_csv,2025-03-11,25.0
9903.81.87,7302.90.00,730290,hts_2025_revision_4_csv,2025-03-11,25.0
9903.81.87,7304,7304,hts_2025_revision_4_csv,2025-03-11,25.0
9903.81.87,7306,7306,hts_2025_revision_4_csv,2025-03-11,25.0
9903.81.87,7305,7305,hts_2025_revision_4_csv,2025-03-11,25.0
9903.81.87,7206,7206,hts_2025_revision_4_csv,2025-03-11,25.0
9903.81.87,7207,7207,hts_2025_revision_4_csv,2025-03-11,25.0
9903.81.87,7224,7224,hts_2025_revision_4_csv,2025-03-11,25.0
9903.81.87,7218,7218,hts_2025_revision_4_csv,2025-03-11,25.0
9903.81.87,7219,7219,hts_2025_revision_4_csv,2025-03-11,25.0
9903.81.87,7220,7220,hts_2025_revision_4_csv,2025-03-11,25.0
9903.81.87,7221,7221,hts_2025_revision_4_csv,2025-03-11,25.0
9903.81.87,7222,7222,hts_2025_revision_4_csv,2025-03-11,25.0
9903.81.87,7223,7223,hts_2025_revision_4_csv,2025-03-11,25.0
9903.81.88,7208,7208,hts_2025_revision_4_csv,2025-03-11,25.0
9903.81.88,7209,7209,hts_2025_revision_4_csv,2025-03-11,25.0
9903.81.88,7210,7210,hts_2025_revision_4_csv,2025-03-11,25.0
9903.81.88,7211,7211,hts_2025_revision_4_csv,2025-03-11,25.0
9903.81.88,7212,7212,hts_2025_revision_4_csv,2025-03-11,25.0
9903.81.88,7225,7225,hts_2025_revision_4_csv,2025-03-11,25.0
9903.81.88,7226,7226,hts_2025_revision_4_csv,2025-03-11,25.0
9903.81.88,7213,7213,hts_2025_revision_4_csv,2025-03-11,25.0
9903.81.88,7214,7214,hts_2025_revision_4_csv,2025-03-11,25.0
9903.81.88,7215,7215,hts_2025_revision_4_csv,2025-03-11,25.0
9903.81.88,7227,7227,hts_2025_revision_4_csv,2025-03-11,25.0
9903.81.88,7228,7228,hts_2025_revision_4_csv,2025-03-11,25.0
9903.81.88,7216,7216,hts_2025_revision_4_csv,2025-03-11,25.0
9903.81.88,7216.61.00,721661,hts_2025_revision_4_csv,2025-03-11,25.0
9903.81.88,7216.69.00,721669,hts_2025_revision_4_csv,2025-03-11,25.0
9903.81.88,7216.91.00,721691,hts_2025_revision_4_csv,2025-03-11,25.0
9903.81.88,7217,7217,hts_2025_revision_4_csv,2025-03-11,25.0
9903.81.88,7229,7229,hts_2025_revision_4_csv,2025-03-11,25.0
9903.81.88,7301.10.00,730110,hts_2025_revision_4_csv,2025-03-11,25.0
9903.81.88,7302.10,730210,hts_2025_revision_4_csv,2025-03-11,25.0
9903.81.88,7302.40.00,730240,hts_2025_revision_4_csv,2025-03-11,25.0
9903.81.88,7302.90.00,730290,hts_2025_revision_4_csv,2025-03-11,25.0
9903.81.88,7304,7304,hts_2025_revision_4_csv,2025-03-11,25.0
9903.81.88,7306,7306,hts_2025_revision_4_csv,2025-03-11,25.0
9903.81.88,7305,7305,hts_2025_revision_4_csv,2025-03-11,25.0
9903.81.88,7206,7206,hts_2025_revision_4_csv,2025-03-11,25.0
9903.81.88,7207,7207,hts_2025_revision_4_csv,2025-03-11,25.0
9903.81.88,7224,7224,hts_2025_revision_4_csv,2025-03-11,25.0
9903.81.88,7218,7218,hts_2025_revision_4_csv,2025-03-11,25.0
9903.81.88,7219,7219,hts_2025_revision_4_csv,2025-03-11,25.0
9903.81.88,7220,7220,hts_2025_revision_4_csv,2025-03-11,25.0
9903.81.88,7221,7221,hts_2025_revision_4_csv,2025-03-11,25.0
9903.81.88,7222,7222,hts_2025_revision_4_csv,2025-03-11,25.0
9903.81.88,7223,7223,hts_2025_revision_4_csv,2025-03-11,25.0
9903.81.89,7317.00.30,731700,hts_2025_revision_4_csv,2025-03-11,25.0
9903.81.89,7317.00.5503,731700,hts_2025_revision_4_csv,2025-03-11,25.0
9903.81.89,7317.00.5505,731700,hts_2025_revision_4_csv,2025-03-11,25.0
9903.81.89,7317.00.5507,731700,hts_2025_revision_4_csv,2025-03-11,25.0
9903.81.89,7317.00.5560,731700,hts_2025_revision_4_csv,2025-03-11,25.0
9903.81.89,7317.00.5580,731700,hts_2025_revision_4_csv,2025-03-11,25.0
9903.81.89,7317.00.6560,731700,hts_2025_revision_4_csv,2025-03-11,25.0
9903.81.89,8708.10.30,870810,hts_2025_revision_4_csv,2025-03-11,25.0
9903.81.89,8708.29.21,870829,hts_2025_revision_4_csv,2025-03-11,25.0
9903.81.90,7301.20.10,730120,hts_2025_revision_4_csv,2025-03-11,25.0
9903.81.90,7301.20.50,730120,hts_2025_revision_4_csv,2025-03-11,25.0
9903.81.90,7302.30.00,730230,hts_2025_revision_4_csv,2025-03-11,25.0
9903.81.90,7307.21.10,730721,hts_2025_revision_4_csv,2025-03-11,25.0
9903.81.90,7307.21.50,730721,hts_2025_revision_4_csv,2025-03-11,25.0
9903.81.90,7307.22.10,730722,hts_2025_revision_4_csv,2025-03-11,25.0
9903.81.90,7307.22.50,730722,hts_2025_revision_4_csv,2025-03-11,25.0
9903.81.90,7307.23.00,730723,hts_2025_revision_4_csv,2025-03-11,25.0
9903.81.90,7307.29.00,730729,hts_2025_revision_4_csv,2025-03-11,25.0
9903.81.90,7307.91.10,730791,hts_2025_revision_4_csv,2025-03-11,25.0
9903.81.90,7307.91.30,730791,hts_2025_revision_4_csv,2025-03-11,25.0
9903.81.90,7307.91.50,730791,hts_2025_revision_4_csv,2025-03-11,25.0
9903.81.90,7307.92.30,730792,hts_2025_revision_4_csv,2025-03-11,25.0
9903.81.90,7307.92.90,730792,hts_2025_revision_4_csv,2025-03-11,25.0
9903.81.90,7307.93.30,730793,hts_2025_revision_4_csv,2025-03-11,25.0
9903.81.90,7307.93.60,730793,hts_2025_revision_4_csv,2025-03-11,25.0
9903.81.90,7307.93.90,730793,hts_2025_revision_4_csv,2025-03-11,25.0
9903.81.90,7307.99.10,730799,hts_2025_revision_4_csv,2025-03-11,25.0
9903.81.90,7307.99.30,730799,hts_2025_revision_4_csv,2025-03-11,25.0
9903.81.90,7307.99.50,730799,hts_2025_revision_4_csv,2025-03-11,25.0
9903.81.90,7308.10.00,730810,hts_2025_revision_4_csv,2025-03-11,25.0
9903.81.90,7308.20.00,730820,hts_2025_revision_4_csv,2025-03-11,25.0
9903.81.90,7308.30.10,730830,hts_2025_revision_4_csv,2025-03-11,25.0
9903.81.90,7308.30.50,730830,hts_2025_revision_4_csv,2025-03-11,25.0
9903.81.90,7308.40.00,730840,hts_2025_revision_4_csv,2025-03-11,25.0
9903.81.90,7308.90.30,730890,hts_2025_revision_4_csv,2025-03-11,25.0
9903.81.90,7308.90.60,730890,hts_2025_revision_4_csv,2025-03-11,25.0
9903.81.90,7308.90.70,730890,hts_2025_revision_4_csv,2025-03-11,25.0
9903.81.90,7308.90.95,730890,hts_2025_revision_4_csv,2025-03-11,25.0
9903.81.90,7309.00.00,730900,hts_2025_revision_4_csv,2025-03-11,25.0
9903.81.90,7310.10.00,731010,hts_2025_revision_4_csv,2025-03-11,25.0
9903.81.90,7310.21.00,731021,hts_2025_revision_4_csv,2025-03-11,25.0
9903.81.90,7310.29.00,731029,hts_2025_revision_4_csv,2025-03-11,25.0
9903.81.90,7311.00.00,731100,hts_2025_revision_4_csv,2025-03-11,25.0
9903.81.90,7312.10.05,731210,hts_2025_revision_4_csv,2025-03-11,25.0
9903.81.90,7312.10.10,731210,hts_2025_revision_4_csv,2025-03-11,25.0
9903.81.90,7312.10.20,731210,hts_2025_revision_4_csv,2025-03-11,25.0
9903.81.90,7312.10.30,731210,hts_2025_revision_4_csv,2025-03-11,25.0
9903.81.90,7312.10.50,731210,hts_2025_revision_4_csv,2025-03-11,25.0
9903.81.90,7312.10.60,731210,hts_2025_revision_4_csv,2025-03-11,25.0
9903.81.90,7312.10.70,731210,hts_2025_revision_4_csv,2025-03-11,25.0
9903.81.90,7312.10.80,731210,hts_2025_revision_4_csv,2025-03-11,25.0
9903.81.90,7312.10.90,731210,hts_2025_revision_4_csv,2025-03-11,25.0
9903.81.90,7312.90.00,731290,hts_2025_revision_4_csv,2025-03-11,25.0
9903.81.90,7313.00.00,731300,hts_2025_revision_4_csv,2025-03-11,25.0
9903.81.90,7314.12.10,731412,hts_2025_revision_4_csv,2025-03-11,25.0
9903.81.90,7314.12.20,731412,hts_2025_revision_4_csv,2025-03-11,25.0
9903.81.90,7314.12.30,731412,hts_2025_revision_4_csv,2025-03-11,25.0
9903.81.90,7314.12.60,731412,hts_2025_revision_4_csv,2025-03-11,25.0
9903.81.90,7314.12.90,731412,hts_2025_revision_4_csv,2025-03-11,25.0
9903.81.90,7314.14.10,731414,hts_2025_revision_4_csv,2025-03-11,25.0
9903.81.90,7314.14.20,731414,hts_2025_revision_4_csv,2025-03-11,25.0
9903.81.90,7314.14.30,731414,hts_2025_revision_4_csv,2025-03-11,25.0
9903.81.90,7314.14.60,731414,hts_2025_revision_4_csv,2025-03-11,25.0
9903.81.90,7314.14.90,731414,hts_2025_revision_4_csv,2025-03-11,25.0
9903.81.90,7314.19.01,731419,hts_2025_revision_4_csv,2025-03-11,25.0
9903.81.90,7314.20.00,731420,hts_2025_revision_4_csv,2025-03-11,25.0
9903.81.90,7314.31.10,731431,hts_2025_revision_4_csv,2025-03-11,25.0
9903.81.90,7314.31.50,731431,hts_2025_revision_4_csv,2025-03-11,25.0
9903.81.90,7314.39.00,731439,hts_2025_revision_4_csv,2025-03-11,25.0
9903.81.90,7314.41.00,731441,hts_2025_revision_4_csv,2025-03-11,25.0
9903.81.90,7314.42.00,731442,hts_2025_revision_4_csv,2025-03-11,25.0
9903.81.90,7314.49.30,731449,hts_2025_revision_4_csv,2025-03-11,25.0
9903.81.90,7314.49.60,731449,hts_2025_revision_4_csv,2025-03-11,25.0
9903.81.90,7314.50.00,731450,hts_2025_revision_4_csv,2025-03-11,25.0
9903.81.90,7315.11.00,731511,hts_2025_revision_4_csv,2025-03-11,25.0
9903.81.90,7315.12.00,731512,hts_2025_revision_4_csv,2025-03-11,25.0
9903.81.90,7315.19.00,731519,hts_2025_revision_4_csv,2025-03-11,25.0
9903.81.90,7315.20.10,731520,hts_2025_revision_4_csv,2025-03-11,25.0
9903.81.90,7315.20.50,731520,hts_2025_revision_4_csv,2025-03-11,25.0
9903.81.90,7315.81.00,731581,hts_2025_revision_4_csv,2025-03-11,25.0
9903.81.90,7315.82.10,731582,hts_2025_revision_4_csv,2025-03-11,25.0
9903.81.90,7315.82.30,731582,hts_2025_revision_4_csv,2025-03-11,25.0
9903.81.90,7315.82.50,731582,hts_2025_revision_4_csv,2025-03-11,25.0
9903.81.90,7315.82.70,731582,hts_2025_revision_4_csv,2025-03-11,25.0
9903.81.90,7315.89.10,731589,hts_2025_revision_4_csv,2025-03-11,25.0
9903.81.90,7315.89.30,731589,hts_2025_revision_4_csv,2025-03-11,25.0
9903.81.90,7315.89.50,731589,hts_2025_revision_4_csv,2025-03-11,25.0
9903.81.90,7315.90.00,731590,hts_2025_revision_4_csv,2025-03-11,25.0
9903.81.90,7316.00.00,731600,hts_2025_revision_4_csv,2025-03-11,25.0
9903.81.90,7317.00.10,731700,hts_2025_revision_4_csv,2025-03-11,25.0
9903.81.90,7317.00.20,731700,hts_2025_revision_4_csv,2025-03-11,25.0
9903.81.90,7317.00.55,731700,hts_2025_revision_4_csv,2025-03-11,25.0
9903.81.90,7317.00.65,731700,hts_2025_revision_4_csv,2025-03-11,25.0
9903.81.90,7317.00.75,731700,hts_2025_revision_4_csv,2025-03-11,25.0
9903.81.90,7318.11.00,731811,hts_2025_revision_4_csv,2025-03-11,25.0
9903.81.90,7318.12.00,731812,hts_2025_revision_4_csv,2025-03-11,25.0
9903.81.90,7318.13.00,731813,hts_2025_revision_4_csv,2025-03-11,25.0
9903.81.90,7318.14.10,731814,hts_2025_revision_4_csv,2025-03-11,25.0
9903.81.90,7318.14.50,731814,hts_2025_revision_4_csv,2025-03-11,25.0
9903.81.90,7318.15.20,731815,hts_2025_revision_4_csv,2025-03-11,25.0
9903.81.90,7318.15.40,731815,hts_2025_revision_4_csv,2025-03-11,25.0
9903.81.90,7318.15.50,731815,hts_2025_revision_4_csv,2025-03-11,25.0
9903.81.90,7318.15.60,731815,hts_2025_revision_4_csv,2025-03-11,25.0
9903.81.90,7318.15.80,731815,hts_2025_revision_4_csv,2025-03-11,25.0
9903.81.90,7318.16.00,731816,hts_2025_revision_4_csv,2025-03-11,25.0
9903.81.90,7318.19.00,731819,hts_2025_revision_4_csv,2025-03-11,25.0
9903.81.90,7318.21.00,731821,hts_2025_revision_4_csv,2025-03-11,25.0
9903.81.90,7318.22.00,731822,hts_2025_revision_4_csv,2025-03-11,25.0
9903.81.90,7318.23.00,731823,hts_2025_revision_4_csv,2025-03-11,25.0
9903.81.90,7318.24.00,731824,hts_2025_revision_4_csv,2025-03-11,25.0
9903.81.90,7318.29.00,731829,hts_2025_revision_4_csv,2025-03-11,25.0
9903.81.90,7319.40.20,731940,hts_2025_revision_4_csv,2025-03-11,25.0
9903.81.90,7319.40.30,731940,hts_2025_revision_4_csv,2025-03-11,25.0
9903.81.90,7319.40.50,731940,hts_2025_revision_4_csv,2025-03-11,25.0
9903.81.90,7319.90.10,731990,hts_2025_revision_4_csv,2025-03-11,25.0
9903.81.90,7319.90.90,731990,hts_2025_revision_4_csv,2025-03-11,25.0
9903.81.90,7320.10.30,732010,hts_2025_revision_4_csv,2025-03-11,25.0
9903.81.90,7320.10.60,732010,hts_2025_revision_4_csv,2025-03-11,25.0
9903.81.90,7320.10.90,732010,hts_2025_revision_4_csv,2025-03-11,25.0
9903.81.90,7320.20.10,732020,hts_2025_revision_4_csv,2025-03-11,25.0
9903.81.90,7320.20.50,732020,hts_2025_revision_4_csv,2025-03-11,25.0
9903.81.90,7320.90.10,732090,hts_2025_revision_4_csv,2025-03-11,25.0
9903.81.90,7320.90.50,732090,hts_2025_revision_4_csv,2025-03-11,25.0
9903.81.90,7321.11.10,732111,hts_2025_revision_4_csv,2025-03-11,25.0
9903.81.90,7321.11.30,732111,hts_2025_revision_4_csv,2025-03-11,25.0
9903.81.90,7321.11.60,732111,hts_2025_revision_4_csv,2025-03-11,25.0
9903.81.90,7321.12.00,732112,hts_2025_revision_4_csv,2025-03-11,25.0
9903.81.90,7321.19.00,732119,hts_2025_revision_4_csv,2025-03-11,25.0
9903.81.90,7321.81.10,732181,hts_2025_revision_4_csv,2025-03-11,25.0
9903.81.90,7321.81.50,732181,hts_2025_revision_4_csv,2025-03-11,25.0
9903.81.90,7321.82.10,732182,hts_2025_revision_4_csv,2025-03-11,25.0
9903.81.90,7321.82.50,732182,hts_2025_revision_4_csv,2025-03-11,25.0
9903.81.90,7321.89.00,732189,hts_2025_revision_4_csv,2025-03-11,25.0
9903.81.90,7321.90.10,732190,hts_2025_revision_4_csv,2025-03-11,25.0
9903.81.90,7321.90.20,732190,hts_2025_revision_4_csv,2025-03-11,25.0
9903.81.90,7321.90.40,732190,hts_2025_revision_4_csv,2025-03-11,25.0
9903.81.90,7321.90.50,732190,hts_2025_revision_4_csv,2025-03-11,25.0
9903.81.90,7321.90.60,732190,hts_2025_revision_4_csv,2025-03-11,25.0
9903.81.90,7322.19.00,732219,hts_2025_revision_4_csv,2025-03-11,25.0
9903.81.90,7322.90.00,732290,hts_2025_revision_4_csv,2025-03-11,25.0
9903.81.90,7323.10.00,732310,hts_2025_revision_4_csv,2025-03-11,25.0
9903.81.90,7323.93.00,732393,hts_2025_revision_4_csv,2025-03-11,25.0
9903.81.90,7323.94.00,732394,hts_2025_revision_4_csv,2025-03-11,25.0
9903.81.90,7323.99.10,732399,hts_2025_revision_4_csv,2025-03-11,25.0
9903.81.90,7323.99.30,732399,hts_2025_revision_4_csv,2025-03-11,25.0
9903.81.90,7323.99.50,732399,hts_2025_revision_4_csv,2025-03-11,25.0
9903.81.90,7323.99.70,732399,hts_2025_revision_4_csv,2025-03-11,25.0
9903.81.90,7323.99.90,732399,hts_2025_revision_4_csv,2025-03-11,25.0
9903.81.90,7324.10.00,732410,hts_2025_revision_4_csv,2025-03-11,25.0
9903.81.90,7324.29.00,732429,hts_2025_revision_4_csv,2025-03-11,25.0
9903.81.90,7324.90.00,732490,hts_2025_revision_4_csv,2025-03-11,25.0
9903.81.90,7325.91.00,732591,hts_2025_revision_4_csv,2025-03-11,25.0
9903.81.90,7325.99.10,732599,hts_2025_revision_4_csv,2025-03-11,25.0
9903.81.90,7325.99.50,732599,hts_2025_revision_4_csv,2025-03-11,25.0
9903.81.90,7326.11.00,732611,hts_2025_revision_4_csv,2025-03-11,25.0
9903.81.90,7326.19.00,732619,hts_2025_revision_4_csv,2025-03-11,25.0
9903.81.90,7326.20.00,732620,hts_2025_revision_4_csv,2025-03-11,25.0
9903.81.90,7326.90.10,732690,hts_2025_revision_4_csv,2025-03-11,25.0
9903.81.90,7326.90.25,732690,hts_2025_revision_4_csv,2025-03-11,25.0
9903.81.90,7326.90.35,732690,hts_2025_revision_4_csv,2025-03-11,25.0
9903.81.90,7326.90.45,732690,hts_2025_revision_4_csv,2025-03-11,25.0
9903.81.90,7326.90.60,732690,hts_2025_revision_4_csv,2025-03-11,25.0
9903.81.90,7326.90.86,732690,hts_2025_revision_4_csv,2025-03-11,25.0
9903.81.91,8431.31.00,843131,hts_2025_revision_4_csv,2025-03-11,25.0
9903.81.91,8431.42.00,843142,hts_2025_revision_4_csv,2025-03-11,25.0
9903.81.91,8431.49.10,843149,hts_2025_revision_4_csv,2025-03-11,25.0
9903.81.91,8431.49.90,843149,hts_2025_revision_4_csv,2025-03-11,25.0
9903.81.91,8432.10.00,843210,hts_2025_revision_4_csv,2025-03-11,25.0
9903.81.91,8432.90.00,843290,hts_2025_revision_4_csv,2025-03-11,25.0
9903.81.91,8547.90.00,854790,hts_2025_revision_4_csv,2025-03-11,25.0
9903.81.91,9403.20.00,940320,hts_2025_revision_4_csv,2025-03-11,25.0
9903.81.91,9405.99.20,940599,hts_2025_revision_4_csv,2025-03-11,25.0
9903.81.91,9405.99.40,940599,hts_2025_revision_4_csv,2025-03-11,25.0
9903.81.91,9406.20.00,940620,hts_2025_revision_4_csv,2025-03-11,25.0
9903.81.91,9406.90.01,940690,hts_2025_revision_4_csv,2025-03-11,25.0
9903.85.02,7601,7601,hts_2025_revision_4_csv,2025-03-11,25.0
9903.85.02,7604,7604,hts_2025_revision_4_csv,2025-03-11,25.0
9903.85.02,7605,7605,hts_2025_revision_4_csv,2025-03-11,25.0
9903.85.02,7606,7606,hts_2025_revision_4_csv,2025-03-11,25.0
9903.85.02,7607,7607,hts_2025_revision_4_csv,2025-03-11,25.0
9903.85.02,7608,7608,hts_2025_revision_4_csv,2025-03-11,25.0
9903.85.02,7609,7609,hts_2025_revision_4_csv,2025-03-11,25.0
9903.85.02,7616.99.51,761699,hts_2025_revision_4_csv,2025-03-11,25.0
9903.85.04,7614.10.50,761410,hts_2025_revision_4_csv,2025-03-11,25.0
9903.85.04,7614.90.20,761490,hts_2025_revision_4_csv,2025-03-11,25.0
9903.85.04,7614.90.40,761490,hts_2025_revision_4_csv,2025-03-11,25.0
9903.85.04,7614.90.50,761490,hts_2025_revision_4_csv,2025-03-11,25.0
9903.85.04,8708.10.30,870810,hts_2025_revision_4_csv,2025-03-11,25.0
9903.85.04,8708.29.21,870829,hts_2025_revision_4_csv,2025-03-11,25.0
9903.85.07,7615.10.2015,761510,hts_2025_revision_4_csv,2025-03-11,25.0
9903.85.07,7615.10.2025,761510,hts_2025_revision_4_csv,2025-03-11,25.0
9903.85.07,7615.10.3015,761510,hts_2025_revision_4_csv,2025-03-11,25.0
9903.85.07,7615.10.3025,761510,hts_2025_revision_4_csv,2025-03-11,25.0
9903.85.07,7615.10.5020,761510,hts_2025_revision_4_csv,2025-03-11,25.0
9903.85.07,7615.10.5040,761510,hts_2025_revision_4_csv,2025-03-11,25.0
9903.85.07,7615.10.7125,761510,hts_2025_revision_4_csv,2025-03-11,25.0
9903.85.07,7615.10.7130,761510,hts_2025_revision_4_csv,2025-03-11,25.0
9903.85.07,7615.10.7155,761510,hts_2025_revision_4_csv,2025-03-11,25.0
9903.85.07,7615.10.7180,761510,hts_2025_revision_4_csv,2025-03-11,25.0
9903.85.07,7615.10.9100,761510,hts_2025_revision_4_csv,2025-03-11,25.0
9903.85.07,7615.20.0000,761520,hts_2025_revision_4_csv,2025-03-11,25.0
9903.85.07,7616.10.9090,761610,hts_2025_revision_4_csv,2025-03-11,25.0
9903.85.07,7616.99.1000,761699,hts_2025_revision_4_csv,2025-03-11,25.0
9903.85.07,7616.99.5130,761699,hts_2025_revision_4_csv,2025-03-11,25.0
9903.85.07,7616.99.5140,761699,hts_2025_revision_4_csv,2025-03-11,25.0
9903.85.08,6603.90.8100,660390,hts_2025_revision_4_csv,2025-03-11,25.0
9903.85.08,8302.10.3000,830210,hts_2025_revision_4_csv,2025-03-11,25.0
9903.85.08,8302.10.6030,830210,hts_2025_revision_4_csv,2025-03-11,25.0
9903.85.08,8302.10.6060,830210,hts_2025_revision_4_csv,2025-03-11,25.0
9903.85.08,8302.10.6090,830210,hts_2025_revision_4_csv,2025-03-11,25.0
9903.85.08,8302.20.0000,830220,hts_2025_revision_4_csv,2025-03-11,25.0
9903.85.08,8302.30.3010,830230,hts_2025_revision_4_csv,2025-03-11,25.0
9903.85.08,8302.30.3060,830230,hts_2025_revision_4_csv,2025-03-11,25.0
9903.85.08,8302.41.3000,830241,hts_2025_revision_4_csv,2025-03-11,25.0
9903.85.08,8302.41.6015,830241,hts_2025_revision_4_csv,2025-03-11,25.0
9903.85.08,8302.41.6045,830241,hts_2025_revision_4_csv,2025-03-11,25.0
9903.85.08,8302.41.6050,830241,hts_2025_revision_4_csv,2025-03-11,25.0
9903.85.08,8302.41.6080,830241,hts_2025_revision_4_csv,2025-03-11,25.0
9903.85.08,8302.42.3010,830242,hts_2025_revision_4_csv,2025-03-11,25.0
9903.85.08,8302.42.3015,830242,hts_2025_revision_4_csv,2025-03-11,25.0
9903.85.08,8302.42.3065,830242,hts_2025_revision_4_csv,2025-03-11,25.0
9903.85.08,8302.49.6035,830249,hts_2025_revision_4_csv,2025-03-11,25.0
9903.85.08,8302.49.6045,830249,hts_2025_revision_4_csv,2025-03-11,25.0
9903.85.08,8302.49.6055,830249,hts_2025_revision_4_csv,2025-03-11,25.0
9903.85.08,8302.49.6085,830249,hts_2025_revision_4_csv,2025-03-11,25.0
9903.85.08,8302.50.0000,830250,hts_2025_revision_4_csv,2025-03-11,25.0
9903.85.08,8302.60.3000,830260,hts_2025_revision_4_csv,2025-03-11,25.0
9903.85.08,8302.60.9000,830260,hts_2025_revision_4_csv,2025-03-11,25.0
9903.85.08,8305.10.0050,830510,hts_2025_revision_4_csv,2025-03-11,25.0
9903.85.08,8306.30.0000,830630,hts_2025_revision_4_csv,2025-03-11,25.0
9903.85.08,8414.59.6590,841459,hts_2025_revision_4_csv,2025-03-11,25.0
9903.85.08,8415.90.8025,841590,hts_2025_revision_4_csv,2025-03-11,25.0
9903.85.08,8415.90.8045,841590,hts_2025_revision_4_csv,2025-03-11,25.0
9903.85.08,8415.90.8085,841590,hts_2025_revision_4_csv,2025-03-11,25.0
9903.85.08,8418.99.8005,841899,hts_2025_revision_4_csv,2025-03-11,25.0
9903.85.08,8418.99.8050,841899,hts_2025_revision_4_csv,2025-03-11,25.0
9903.85.08,8418.99.8060,841899,hts_2025_revision_4_csv,2025-03-11,25.0
9903.85.08,8419.50.5000,841950,hts_2025_revision_4_csv,2025-03-11,25.0
9903.85.08,8419.90.1000,841990,hts_2025_revision_4_csv,2025-03-11,25.0
9903.85.08,8422.90.0640,842290,hts_2025_revision_4_csv,2025-03-11,25.0
9903.85.08,8424.90.9080,842490,hts_2025_revision_4_csv,2025-03-11,25.0
9903.85.08,8473.30.2000,847330,hts_2025_revision_4_csv,2025-03-11,25.0
9903.85.08,8473.30.5100,847330,hts_2025_revision_4_csv,2025-03-11,25.0
9903.85.08,8479.89.9599,847989,hts_2025_revision_4_csv,2025-03-11,25.0
9903.85.08,8479.90.8500,847990,hts_2025_revision_4_csv,2025-03-11,25.0
9903.85.08,8479.90.9596,847990,hts_2025_revision_4_csv,2025-03-11,25.0
9903.85.08,8481.90.9060,848190,hts_2025_revision_4_csv,2025-03-11,25.0
9903.85.08,8481.90.9085,848190,hts_2025_revision_4_csv,2025-03-11,25.0
9903.85.08,8486.90.0000,848690,hts_2025_revision_4_csv,2025-03-11,25.0
9903.85.08,8487.90.0080,848790,hts_2025_revision_4_csv,2025-03-11,25.0
9903.85.08,8503.00.9520,850300,hts_2025_revision_4_csv,2025-03-11,25.0
9903.85.08,8508.70.0000,850870,hts_2025_revision_4_csv,2025-03-11,25.0
9903.85.08,8513.90.2000,851390,hts_2025_revision_4_csv,2025-03-11,25.0
9903.85.08,8515.90.2000,851590,hts_2025_revision_4_csv,2025-03-11,25.0
9903.85.08,8516.90.5000,851690,hts_2025_revision_4_csv,2025-03-11,25.0
9903.85.08,8516.90.8050,851690,hts_2025_revision_4_csv,2025-03-11,25.0
9903.85.08,8517.71.0000,851771,hts_2025_revision_4_csv,2025-03-11,25.0
9903.85.08,8517.79.0000,851779,hts_2025_revision_4_csv,2025-03-11,25.0
9903.85.08,8529.90.7300,852990,hts_2025_revision_4_csv,2025-03-11,25.0
9903.85.08,8529.90.9760,852990,hts_2025_revision_4_csv,2025-03-11,25.0
9903.85.08,8536.90.8585,853690,hts_2025_revision_4_csv,2025-03-11,25.0
9903.85.08,8538.10.0000,853810,hts_2025_revision_4_csv,2025-03-11,25.0
9903.85.08,8541.90.0000,854190,hts_2025_revision_4_csv,2025-03-11,25.0
9903.85.08,8543.90.8885,854390,hts_2025_revision_4_csv,2025-03-11,25.0
9903.85.08,8547.90.0020,854790,hts_2025_revision_4_csv,2025-03-11,25.0
9903.85.08,8547.90.0030,854790,hts_2025_revision_4_csv,2025-03-11,25.0
9903.85.08,8547.90.0040,854790,hts_2025_revision_4_csv,2025-03-11,25.0
9903.85.08,8708.10.3050,870810,hts_2025_revision_4_csv,2025-03-11,25.0
9903.85.08,8708.29.5160,870829,hts_2025_revision_4_csv,2025-03-11,25.0
9903.85.08,8708.80.6590,870880,hts_2025_revision_4_csv,2025-03-11,25.0
9903.85.08,8708.99.6890,870899,hts_2025_revision_4_csv,2025-03-11,25.0
9903.85.08,8716.80.5010,871680,hts_2025_revision_4_csv,2025-03-11,25.0
9903.85.08,8807.30.0060,880730,hts_2025_revision_4_csv,2025-03-11,25.0
9903.85.08,9013.90.8000,901390,hts_2025_revision_4_csv,2025-03-11,25.0
9903.85.08,9031.90.9195,903190,hts_2025_revision_4_csv,2025-03-11,25.0
9903.85.08,9401.99.9081,940199,hts_2025_revision_4_csv,2025-03-11,25.0
9903.85.08,9403.99.1040,940399,hts_2025_revision_4_csv,2025-03-11,25.0
9903.85.08,9403.99.9010,940399,hts_2025_revision_4_csv,2025-03-11,25.0
9903.85.08,9403.99.9015,940399,hts_2025_revision_4_csv,2025-03-11,25.0
9903.85.08,9403.99.9020,940399,hts_2025_revision_4_csv,2025-03-11,25.0
9903.85.08,9403.99.9040,940399,hts_2025_revision_4_csv,2025-03-11,25.0
9903.85.08,9403.99.9045,940399,hts_2025_revision_4_csv,2025-03-11,25.0
9903.85.08,9405.99.4020,940599,hts_2025_revision_4_csv,2025-03-11,25.0
9903.85.08,9506.11.4080,950611,hts_2025_revision_4_csv,2025-03-11,25.0
9903.85.08,9506.51.4000,950651,hts_2025_revision_4_csv,2025-03-11,25.0
9903.85.08,9506.51.6000,950651,hts_2025_revision_4_csv,2025-03-11,25.0
9903.85.08,9506.59.4040,950659,hts_2025_revision_4_csv,2025-03-11,25.0
9903.85.08,9506.70.2090,950670,hts_2025_revision_4_csv,2025-03-11,25.0
9903.85.08,9506.91.0010,950691,hts_2025_revision_4_csv,2025-03-11,25.0
9903.85.08,9506.91.0020,950691,hts_2025_revision_4_csv,2025-03-11,25.0
9903.85.08,9506.91.0030,950691,hts_2025_revision_4_csv,2025-03-11,25.0
9903.85.08,9506.99.0510,950699,hts_2025_revision_4_csv,2025-03-11,25.0
9903.85.08,9506.99.0520,950699,hts_2025_revision_4_csv,2025-03-11,25.0
9903.85.08,9506.99.0530,950699,hts_2025_revision_4_csv,2025-03-11,25.0
9903.85.08,9506.99.1500,950699,hts_2025_revision_4_csv,2025-03-11,25.0
9903.85.08,9506.99.2000,950699,hts_2025_revision_4_csv,2025-03-11,25.0
9903.85.08,9506.99.2580,950699,hts_2025_revision_4_csv,2025-03-11,25.0
9903.85.08,9506.99.2800,950699,hts_2025_revision_4_csv,2025-03-11,25.0
9903.85.08,9506.99.5500,950699,hts_2025_revision_4_csv,2025-03-11,25.0
9903.85.08,9506.99.6080,950699,hts_2025_revision_4_csv,2025-03-11,25.0
9903.85.08,9507.30.2000,950730,hts_2025_revision_4_csv,2025-03-11,25.0
9903.85.08,9507.30.4000,950730,hts_2025_revision_4_csv,2025-03-11,25.0
9903.85.08,9507.30.6000,950730,hts_2025_revision_4_csv,2025-03-11,25.0
9903.85.08,9507.30.8000,950730,hts_2025_revision_4_csv,2025-03-11,25.0
9903.85.08,9507.90.6000,950790,hts_2025_revision_4_csv,2025-03-11,25.0
9903.94.01,8703.22.01,870322,hts_2025_revision_6_csv,2025-04-03,25.0
9903.94.01,8703.23.01,870323,hts_2025_revision_6_csv,2025-04-03,25.0
9903.94.01,8703.24.01,870324,hts_2025_revision_6_csv,2025-04-03,25.0
9903.94.01,8703.31.01,870331,hts_2025_revision_6_csv,2025-04-03,25.0
9903.94.01,8703.32.01,870332,hts_2025_revision_6_csv,2025-04-03,25.0
9903.94.01,8703.33.01,870333,hts_2025_revision_6_csv,2025-04-03,25.0
9903.94.01,8703.40.00,870340,hts_2025_revision_6_csv,2025-04-03,25.0
9903.94.01,8703.50.00,870350,hts_2025_revision_6_csv,2025-04-03,25.0
9903.94.01,8703.60.00,870360,hts_2025_revision_6_csv,2025-04-03,25.0
9903.94.01,8703.70.00,870370,hts_2025_revision_6_csv,2025-04-03,25.0
9903.94.01,8703.80.00,870380,hts_2025_revision_6_csv,2025-04-03,25.0
9903.94.01,8703.90.01,870390,hts_2025_revision_6_csv,2025-04-03,25.0
9903.94.01,8704.21.01,870421,hts_2025_revision_6_csv,2025-04-03,25.0
9903.94.01,8704.31.01,870431,hts_2025_revision_6_csv,2025-04-03,25.0
9903.94.01,8704.41.00,870441,hts_2025_revision_6_csv,2025-04-03,25.0
9903.94.01,8704.51.00,870451,hts_2025_revision_6_csv,2025-04-03,25.0
9903.94.01,8704.60.00,870460,hts_2025_revision_6_csv,2025-04-03,25.0
